Entry,Word class,Etymology,Definition
a,int.,Probably imitative of the natural utterance.,"Expressing invocation, surprise,  or admiration; (also) used to gain attention."
achoo/atishoo/atichoo,"int., n.",Imitative of the sound made when sneezing.,Representing the sound of a sneeze. An exclamation of ‘achoo’; a sneeze.
ahem,"int., n.",Imitative of the sound made in clearing the throat.,An exclamation representing a slight cough or clearing of the throat.
ai,int.,Imitative.,"An exclamation of surprise, regret, pain, etc., often used in imitation of foreign speakers of English."
aie,int.,Imitative.,"Awailing exclamation of resignation, surprise, regret, alarm, etc.; sometimes imitative of non-British speakers of English."
alew,n.,Imitative of a cry of lamentation or mourning.,A cry of sorrow or lamentation.
arf,int.,Imitative.,"Representing the bark of a (small) dog, or a human imitation of such a bark. Usually repeated in arf are, etc."
argh,int.,Imitative of a prolonged cry or groan.,"Expressing pain or fright; (also) expressing anguish, disappointment, or frustration."
aw,int.,Imitative.,"An exclamation usually expressing mild remonstrance, entreaty, commiseration, disgust, or disapproval."
bada-bing,int.,Origin uncertain. Perhaps imitative of the sound of a drum roll and cymbal clash. Perhaps compare Italian bada bene mark well.,"Suggesting something happening suddenly, emphatically, or easily and predictably; ‘Just like that!’, ‘Presto!’"
bam,int.,Echoic.,An interjection imitating the sound of a hard blow.
bangarang,n.,Probably imitative.,Rubbish; miscellaneous items.
baugh/baw,v.,Imitative of the sound.,"To bark, as a dog."
baw-waw,n.,Imitative of the sound.,The barking of a dog.
bebop,n.,Apparently imitative.,"A development of jazz, begun in the U.S. at the end of the 1939–45 war, characterized by complex harmony, dissonant chords and highly syncopated rhythm."
beep,"n., v.",Imitative.,"The sound made by a horn on a motor car or other vehicle; a short high-pitched sound such as is emitted by an echo-sounder, a radar device, etc."
beep,v.,Imitative.,To sound (a horn); to make (something) emit a short high-pitched sound; to indicate by sounding beeps.
bewh,v.,Imitative of the sound.,"To bark in a thin voice, to yelp."
bif/biff,int.,Imitative.,"An exclamation uttered when something strikes an object, or a sound imitative of such a blow."
biff,v.,Imitative.,"To hit, strike."
bing,"n., int.","Echoic, representing a sudden banging noise or blow.",A thump or blow.
bingo,int.,Echoic.,An exclamation made by someone winning a game of bingo.
birl,v.,"A modern word: apparently onomatopoeic; having probably association with birr, whirr, whirl, hurl, and Scottish dirl, pirl, in all of which there is a reference to vibration or rotation and its sound.","To move on with rotatory motion, as a rifle bullet."
bish,v.,Imitative.,To throw.
blad,v.,Probably onomatopoeic.,"To deal a blow to, to slap heavily."
blah,n.,Imitative.,"Meaningless, insincere, or pretentious talk or writing; nonsense, bunkum. Also used as a derisive interjection. Frequently reduplicated."
blash,n.,"A modern word or series of words of onomatopoeic formation; with reminiscences of plash, splash, dash, etc., and probably of blow.","A dash or plash of liquid, as when rain appears to fall in sheets; a mixture of blow and splash."
blat,n.,Imitative.,A bleating or shrill sound.
blea,v.,Probably imitative.,To bleat as a lamb or kid; to cry piteously as a child.
blear,v.,"Perhaps onomatopoeic, but naming a gesture rather than a sound, though some inarticulate sound may have originally been implied.",To protrude the tongue in mockery.
bleep,v.,Echoic.,"A thin, high-pitched blipping sound, spec. one made by electronic equipment."
bling,"n., adj.","Probably imitative, apparently representing the visual effect of light being reflected off precious stones or metals.",(A piece of) ostentatious jewellery. Hence: wealth; conspicuous consumption.
blip,n.,Echoic.,Any sudden brisk blow or twitch; a quick popping sound.
blip,v.,Echoic.,To strike with a brisk rap or tap.
blirt,v.,Probably an onomatopoeic word nearly identical with blurt.,"To burst into tears, weep violently; disfigure with tears. "
blizzard,n.,"A modern word, probably more or less onomatopoeic.",A sharp blow or knock; a shot.
blodge/splotch,n.,Imitative.,"A large irregular spot or patch of light, colour, or the like; a blot, smear, or stain."
bloop,n.,Echoic.,A plopping sound; a howling sound.
bloop,v.,Echoic.,To make a howling noise; to operate a radio set in such a way that it emits such a noise.
blotch,n.,"Apparently an onomatopoeic modification of blot, for which it is commonly used dialectally.","An inflamed eruption, or discoloured patch, on the skin; a pustule, boil, or botch."
blout,n.,Apparently onomatopoeic.,"The sudden breaking of a storm; a sudden downpour of rain, hail, etc., accompanied by wind."
bluff,v.,"? Onomatopoeic, associated with blow, puff.","To swell out, become distended."
blumbering,n.,? Onomatopoeic.,"Rumbling, lumbering noise."
blunge,v.,Apparently onomatopoeic.,"To mix (clay, powdered flint, etc.) up with water."
blurt,v.,"Apparently a modern onomatopoeia, expressive of a discharge of breath or fluid from the mouth after an effort to retain it.",To emit the breath eruptively from the mouth; to snort in sleep.
bluther,v.,"An onomatopoeic word, of similar formation to blubber, with which it is often synonymous, though perhaps expressing more specifically the sound of air and liquid in the mouth, nose, and throat."," To raise wind-bells in water’, Jamieson. (Rather the bubbling sound made in doing so.)."
bob,v.,"Apparently onomatopoeic, expressing short jerking or rebounding motion.","To move up and down like a buoyant body in water, or an elastic body on land; hence, to dance; to move to and fro with a similar motion, esp. said of hanging things rebounding from objects lightly struck by them."
boffo,"n., v.",Origin uncertain: perhaps imitative.,"In the entertainment industry: a joke, punch-line, or piece of comic business, esp. one that elicits uproarious or unrestrained laughter."
boing,int.,Echoic.,The noise made when a compressed spring is suddenly released; a reverberating sound.
boink,"n., int.",An imitative or expressive formation.,"A bump; a blow. Also: a brief resonant sound, such as might accompany this."
bom,n.,Of imitative origin.,"The sound caused by the discharge of a gun, less deep and sonorous than a ‘boom’."
bong,n.,Imitative.,"A deep resonant sound as of a bell’ (Webster 1934). Hence as v., to emit such a sound."
bonk,n.,Echoic.,"An abrupt, heavy sound, as when a solid object strikes a hard surface or bony part of the body; a bump or blow."
bonk,v.,Echoic.,To hit (a solid surface or bony part of the body) resoundingly with or against something hard and unyielding.
boobook,n.,Imitative of the bird’s note.,"The name given in Australia to a medium-sized brown spotted owl, Ninox novæ-seelandiæ boobook; the mopoke."
boom,v.,Of imitative origin; whether original in English it is impossible to determine.,"To hum or buzz, as a bee or beetle; to make a loud, deep sound with much resonance, as a cannon, a large bell, the waves of the sea, etc."
bop/pop,n.,Echoic.,A short abrupt explosive sound.
bop,v.,Echoic.,"To hit, strike, punch."
bosh,int.,An imitative or expressive formation.,"Indicating something which happens suddenly, quickly, or effortlessly."
bow-wow,"int., n.",Imitative.,An imitation of the barking of a dog.
brash,adj.,Perhaps onomatopoeic; ? influenced by break and rash.,"Fragile, brittle: used chiefly of timber."
brattle,n.,"This and its verb are onomatopoeic, probably with association of break, brast and rattle.","A smart rattling sound, esp. of something breaking or bursting."
brr-brr,int.,An imitative or expressive formation.,"Representing a repetitive mechanical or electronic noise, esp. that of a telephone’s buzzer or ringtone."
brrr,int.,An imitative or expressive formation.,"Used as an exclamation to accompany a shiver of cold, fear, disquiet, etc."
brum,v.,"Probably ultimately imitative of a humming, murmuring, or rumbling sound.","To murmur, to hum."
brum,"n., int.",Apparently imitative of a droning or rumbling sound.,Representing a humming or murmuring sound.
bruzz,v.,Imitative.,To growl as a bear.
buff,v.,Probably onomatopoeic.,"To speak with obstructed and explosive utterance, to stutter."
buff,"n., int.",? Onomatopoeic.,"To say neither buff nor baff, not to say buff to a wolf’s shadow (obs.)"
buffle,v.,? Onomatopoeic; connected with some sense of buff.,–
buln-buln,n.,Imitative.,An Australian Aboriginal name for the lyre-bird.
bum,"n., int.",Imitative.,To say neither ba nor bum: not to say a word.
bum,v.,"? Onomatopoeic, imitating the motion of the lips in drinking.",To taste (drink); to drink.
bumble,n.,Onomatopoeic.,"A confusion, jumble."
bump,n.,Onomatopoeic: the v.n. of action being probably coeval.,"A blow somewhat heavy, but rather dull in sound; a sudden collision, more or less violent."
bump,v.,Of echoic origin.,Aword used to express the cry of the bittern.
bunch,v.,Etymology obscure: perhaps onomatopoeic.,"To strike, thump; to bruise flax, etc., by beating it."
bung,v.,Echoic.,To throw (violently); to send; to put forcibly.
bungle,v.,Apparently onomatopoeic.,To do or make in a clumsy or unskilful manner.
burp,v.,Imitative.,To belch.
burr,n.,Apparently imitative of the sound.,"A rough sounding of the letter r; spec. the rough uvular trill (= French r grasseyé) characteristic of the county of Northumberland, and found elsewhere as an individual peculiarity."
buzz,n.,"Perhaps onomatopoeic, with the general sense of ‘loose down’, ‘flocky substance’.","The rough setose or pilose seed-vessel of a plant, a bur."
buzzle,v.,? Onomatopoeic.,"To distend, fill out."
byss,v.,Onomatopoeic.,To sing or hum (children) to sleep.
calloo,n.,Imitative of the call of the male long-tailed duck.,A kind of duck found in the Arctic.
cangle,v.,Perhaps onomatopoeic.,"To dispute acrimoniously, to wrangle."
cank,v.,Imitative of the sound.,"To cackle as geese; to talk rapidly, to chatter."
caw,v.,"Imitative of the call of a crow, rook, raven, etc.","Of a crow, rook, raven, or other bird: to make its characteristic harsh sound."
caw,"int., n.","Imitative of the call of a crow, rook, raven, etc.","Representing the characteristic harsh call of a crow, rook, raven, or other bird, or a sound resembling this."
cawk,n.,Imitative.,"The cry of some birds, rooks, divers, etc."
chaak,n.,Imitative.,The cry of the jackdaw.
chack,v.,Imitative of the sound and action.,"To snap with the teeth; . . . also to make a noise like that of snapping teeth, to clack, clatter, click."
chack-chack,n.,Imitative.,The cry of the fieldfare and wheatear.
chang,n.,Imitative.,A ringing or resonant sound; a representation of this.
channer,v.,Probably imitative.,"To grumble, complain; to chide, scold, nag; to mutter, murmur."
charr,n.,? Echoic.,A term applied to some of the notes of the nightingale.
chatter,v.,An onomatopoeic word of frequentative form.,"To utter a rapid succession or series of short vocal sounds; now applied to sounds approaching those of the human voice, e.g. of starlings, magpies, etc., but originally used more widely, so as to include what is now called the ‘twitter’ of sparrows, swallows, etc."
cheep,v.,An imitative or expressive formation.,"Of a small animal, esp. a young bird or a mouse: to make a thin, high-pitched cry."
cheet,v.,Apparently imitative of the high-pitched cry of a bird or small animal.,"To chirp, cheep; to squeak."
cheet,"int., n.",Apparently imitative of a sound made to encourage a cat to approach.,Representing the sound made to encourage a cat to approach.
che-ho,v.,Echoic.,To sneeze.
chewink,n.,An imitative or expressive formation.,"A towhee (genus Pipilo, family Emberizidae)."
chick1,v.,Imitative of sound.,"Of chickens: To chirp, cheep."
chick2,v.,Onomatopoeic. Closely denoting the sudden action of breaking which the sound there expressed often accompanies.,"To sprout, shoot, germinate; to ‘chip’."
chicker,v.,Imitative of the sound.,To chirp as a cricket.
chink,n.,An echoic word.,"An imitation of the short, sharp sound produced by pieces of metal or glass striking one another; hence a name for this sound."
chinkerinchee,n.,"Said to be onomatopoeic, from the squeaky sound produced when two flower-stalks are rubbed together.",A popular name for the liliaceous bulbous plant Ornithogalum thyrsoides.
chirl,v.,Imitative of the sound.,"To warble, to utter a long note with modulation; sometimes, to emit a low melancholy sound."
chit,v.,Imitative of the sound.,To chirp.
chit-chit-chat,n.,Imitative of the sound.,–
chock,n.,Imitative.,"A short hollow sound, such as that produced by hammering or chopping, by a heavy object striking a hard surface, etc."
chock,"int., v.",Imitative.,"Representing a short hollow sound, such as that produced by hammering or chopping, by a heavy object striking a hard surface, etc."
choo-choo,n.,Echoic.,"An imitation of the sound of a steam-engine, used as a nursery name for a railway train or locomotive."
chowchilla,n.,Imitative of its note.,"The black-headed log-runner (Orthonyx spaldingi), a small bird found in the dense scrub of mountain ranges in Queensland."
chuck,n.,Echoic.,"A species of cluck: e.g. that made by a cock, or a hen calling chickens, or by people in calling fowls; also that made to incite a horse."
chuck,v.,Echoic.,"To make a clucking noise like a fowl, or that used by henwives in calling fowls."
chuckle,v.,Echoic.,To laugh vehemently; to laugh convulsively’ (Johnson).
chuck-will’s-widow,n.,Imitative of the bird’s cry.,Popular name in U.S. of a species of goat-sucker (Caprimulgus carolinensis).
chud,v.,Echoic.,–
chuff,v.,Onomatopoeic.,Of an engine or machine: to work with a regularly repeated sharp puffing sound.
chug,n.,Onomatopoeic.,"A plunging, muffled, or explosive sound, esp. the characteristic sound of an internal combustion engine when running slowly."
chug,v.,Onomatopoeic.,To make an intermittent explosive sound as of the escape of exhaust gases from an engine cylinder.
chug-a-lug,"int., n.",Imitative.,"Representing a glugging, chugging, or gobbling sound, esp. that of a person consuming a drink in large gulps."
chunk,v.,Onomatopoeic.,To proceed with a plunging or explosive sound.
chunter,v.,Apparently of imitative formation.,"To mutter, murmur; to grumble, find fault, complain."
churr,v.,Echoic.,To make a deep or low trilled or whirring sound.
chutter,v.,Imitative.,"To make a clattering, spluttering noise."
chymer,v.,Apparently onomatopoeic (unless an error).,To shiver
clack-clack,n.,Imitative.,A repeated clacking noise.
clam,n.,Perhaps onomatopoeic.,The crash caused by ringing two or more bells of a peal together.
clamp,n.,Onomatopoeic.,"A heavy, solid step, tread, or stamp with the feet."
clash,n.,"This and the associated verb are first found about 1500, and appear to be onomatopoeic; arising, in the main, from instinctive association with classes of pre-existing echoic words.","The loud sound of collision made by a heavy stroke or blow, the first impact of which is firm and hard, but is followed by a confused sound of many looser and lighter impacts."
click,v.,Imitative of a clicking or sharp tapping sound.,To make a click or clicking sound.
clippety-clop,n.,Imitative.,"The sound made by a horse’s hoofs, or a noise resembling this."
clobber,v.,"Of uncertain origin: apparently connected with clobber (n.). But it has the appearance of an onomatopoeic word of frequentative form: compare slobber, slubber, also clamper to botch, tinker, or patch up.","To patch up, cobble."
clondre,v.,? Onomatopoeic.,"To make a rumbling noise, to drone."
clonk,v.,Echoic.,"To make an abrupt, heavy sound as when something unresilient strikes a hard surface."
cloop,n.,Imitative.,"The sound made by drawing a cork from a bottle, or any similar sound."
clop,n.,Imitative.,A sharp sound such as is made by shoes or hoofs on the ground.
cluck,n.,Imitative.,"An imitation of the abrupt hollow guttural sound made by a hen desiring to sit, or calling her brood together, or of a similar sound."
clucker,v.,Imitative.,To call as a hen does her chickens.
clunk,n.,Echoic.,"A sound such as is made by a cork drawn forcibly from a bottle, by liquid poured out of a narrow-necked vessel, or shaken in a vessel partially empty, etc."
cocket,v.,Imitative.,–
colp,v.,? Echoic nonce-word.,–
conck,n.,Imitative.,The cry of the wild goose.
coo,n.,Imitative of the sound.,To make the soft murmuring sound or note characteristic of doves and pigeons.
cooee,"n., int.",Imitative.,"The call or cry /kuːˈiː/ used as a signal by the Australian aborigines, and adopted by the colonists in the bush."
crank,v.,Apparently onomatopoeic.,"To make a harsh, jarring, or grating sound."
crash,v.,An onomatopœic word having the same relation to crack that clash has to clack and clap.,"To break in pieces with violence and noise; to dash in pieces, shiver, shatter, smash."
craw,v.,Echoic.,Said of rooks or crows.
crawk,v.,Imitative.,"To utter a hoarse sound, squawk."
creak,v.,Apparently echoic.,"Formerly: To utter a harsh cry: said of crows, rooks, etc., where croak (n.) is now used; also of geese, etc."
crick,v.,Imitative.,"To make a thin, sharp sound."
crimp,v.,Apparently imitative.,"To make a crisp sound, as in the compression of snow under the feet."
cronk,n.,Echoic.,The croak of a raven.
croo/crood/croud,v.,Echoic.,To make the murmuring sound of a dove.
crook,v.,Echoic.,To croak.
crool,v.,"Apparently an onomatopoeic formation, associated initially with the imitative group, croo, crood, croodle, crook, crookle, croak.",To make an inarticulate sound more liquid and prolonged than a croak.
croop,v.,This and the synonymous croape are apparently of imitative origin.,"To cry hoarsely; to croak as a raven, frog, crane, etc."
crout,v.,"Apparently onomatopoeic: the initial part being as in crow, croak, creak, and kindred verbs, and the latter part imitative or suggestive of abrupt or grunting sound.",To make abrupt croaking or murmuring noises; to coo as a dove.
crunkle,v.,Echoic.,"To make a harsh dry sound, as by grinding the jaws."
curkle,v.,Apparently imitative.,To cry as a quail.
curl,v.,Echoic.,"To purr, as a cat."
curling,n.,Echoic.,Rumbling in the bowels.
curmur,v.,Echoic.,To make a low murmuring or purring sound.
curr,n.,Echoic.,A curring sound.
curr,v.,Echoic.,"To make a low murmuring sound, like the cooing of a dove or purring of a cat."
dadder,v.,Probably ultimately echoic.,"To shake, tremble; to totter."
dah,n.,Imitative.,"In Morse telegraphy, etc.: = dash."
daud,n.,Imitative of a dull thudding sound.,A heavy blow or thump; a thud.
daud,v.,Imitative of a dull thudding sound.,"To strike with a heavy blow or thump; to knock, beat; to shake by knocking or beating."
der,int.,Imitative of a sound expressing inarticulacy or incomprehension.,"Implying that another person has said something foolish or extremely obvious, or done something stupid."
dickcissel,n.,Imitative of the bird’s cry.,"The black-throated bunting or little meadowlark, Spiza americana, of North America."
diddle,v.,"Apparently onomatopoeic, representing the effect of singing, without uttering connected words.",To sing without distinct utterance of words.
didgeridoo,n.,Imitative.,"A musical instrument of the Australian Aborigines, consisting of a long tube made from bamboo or a hollow sapling which is blown into to produce a resonant sound."
diederik/diedrik,n.,Imitative.,"A small African cuckoo, Chrysococcyx caprius."
ding,v.,Echoic.,To sound as metal when heavily struck; to make a heavy ringing sound.
ding-a-ling,n.,Echoic.,"An imitation of the ringing sound of a heavy bell, or of metal when struck."
ding-dong,v.,Echoic.,"To ring as a bell, or like a bell."
ding-dong,"n., adv., adj.",Echoic.,An imitation of the sound of a bell.
dink,n.,Imitative.,A drop-shot in lawn tennis.
dit,n.,Imitative.,"In Morse telegraphy, etc.: = dot."
dod,v.,Imitative of a dull thudding sound.,"To beat, knock."
dong,n.,Echoic.,An imitation of the deep sound of a large bell.
dong,v.,Echoic; expressing a sound of deeper tone than ding.,To sound as a large bell.
doof,"int., n.",Imitative of the sound of a dull blow or thud.,"Imitating the sound of a dull blow, thud, or drumbeat."
doo-wop,n.,Imitative.,"A variety of (orig. American) vocal group music, usually performed acapella or with little instrumental accompaniment, so called from the use of nonsense phrases accompanying the vocal lead."
drant/draunt,v.,"Apparently onomatopoeic, after drawl or drone and rant.",To drawl or drone in speech.
dub,n.,"Mainly onomatopoeic (compare dub-a-dub, rub-a-dub); but having connections with dub.",A beat of a drum; the sound of a drum when beaten.
dub,v.,"Known only since 1500: evidently onomatopoeic, imitating the sound, or suggesting the feeling of a firm blow or thrust with something blunt.",To thrust: now implying a moderately firm blunt thrust or poke.
dub-a-dub,n.,Echoic.,The sound made in beating a drum.
duff,"int., n.",Imitative of a dull blow.,"Representing the sound of a dull blow, thud, or drumbeat."
duh,int.,Imitative.,Expressing inarticulacy or incomprehension. Also (usually mildly derogatory): implying that another person has said something foolish or extremely obvious.
dunkadoo,n.,Echoic: from the bird’s cry.,Popular name in New England of the American bittern (Botaurus mugitans).
eek,int.,Imitative of a shriek or squeak.,"Expressing (frequently mock) astonishment, alarm, horror, or surprise."
er,int.,Imitative.,Used to express the inarticulate sound or murmur made by a hesitant speaker.
ew,int.,An imitative or expressive formation.,"Used as an emphatic expression, chiefly of disgust, but also (formerly) of surprise or approval."
faffle,v.,Of echoic origin.,To stutter or stammer; to utter incoherent sounds.
fap fap fap,int.,An imitative or expressive formation.,Representing the sound of (esp. male) masturbation.
fiff,v.,Echoic.,An imitative or expressive formation.
fillip,n.,Apparently onomatopoeic.,"A movement made by bending the last joint of a finger against the thumb and suddenly releasing it (so as to propel some small object, or merely as a gesture); a smart stroke or tap given by this means."
filly-folly,n.,One of the onomatopoeic reduplications with vowel variation expressing the notion of something trivial.,A foolish or ridiculous notion; a foolish hobby.
fissle/fistle,v.,Echoic.,To make a slight continued noise; to rustle; to move with such a noise.
fix-fax,n.,Onomatopoeic.,"Hurry, the middle of any business’ (Jamieson)."
fiz/fizz,v.,Echoic.,To make a hissing or sputtering sound.
flab,v.,Onomatopoeic.,To flap (the wings).
flabby,adj.,An onomatopoeic modification of the earlier flappy; the voiced ending in flab- as compared with flap- gives to the syllable a feebler effect suited to the meaning.,"Hanging loose by its own weight, yielding to the touch and easily moved or shaken, flaccid, limp, soft; said chiefly of or with respect to flesh."
flack,n.,Echoic.,"A blow, slap, or stroke."
flaff,v.,Onomatopoeic.,"To flap, make a flapping; to flutter."
flam,n.,Probably echoic.,"The Flam is a beat made by the two sticks striking almost at the same instant on the head, but so as to be heard separately."
flank,v.,Onomatopoeic.,"To whip with a light, sudden stroke, to flick; also, to crack (a whip)."
flap,v.,Probably of onomatopoeic origin.,To strike with a sudden blow.
flash,n.,Of onomatopoeic origin.,"A pool, a marshy place."
flash,v.,Apparently of onomatopoeic origin.,Expressing movement of a liquid.
flasker,v.,Onomatopoeic.,To flap about (as a fish); to flutter (as a bird); to flounder.
flatter,v.,Onomatopoeic.,"To float, flutter."
fleg,n.,Onomatopoeic.,"A random blow or kick, a stroke."
flerk,v.,Onomatopoeic.,To make a jerking movement.
flibbertigibbet,n.,Apparently an onomatopoeic representation of unmeaning chatter.,A chattering or gossiping person; a flighty or frivolous woman.
flick,n.,Echoic.,"A light blow, esp. one given with something pliant, a whip, etc., or with the finger-nail."
flicker,n.,Said to be echoic of the bird’s note.,The popular name of various American species of woodpecker.
flim-flam,"n., adj.","One of the many onomatopoeic reduplications with vowel variation expressive of contempt; compare fidfad, skimble-skamble, whimwham.","A piece of nonsense or idle talk; a trifle, a conceit."
flimmer,v.,Onomatopoeic.,To burn unsteadily; to flicker.
flip,v.,Probably onomatopoeic.,"To put into motion with a flip or fillip, to ‘shoot’; to toss (a coin) with a flip."
flipper-de-flapper,n.,Echoic.,Noise and confusion caused by show.
flirt,v.,Onomatopoeic.,"To propel or throw with a jerk or sudden movement; often, to propel by a blow from the finger-nail released from the thumb."
flish,v.,Apparently imitative of the sound of a blade waved through the air.,To slash or cut.
flisk,v.,Onomatopoeia expressive of a sudden movement through the air.,To move or dance about in a frolicsome way; to frisk.
flitch,n.,Onomatopoeic.,A flick or stroke.
flizz,v.,Onomatopoeic.,To fly off.
flobber,v.,Apparently onomatopoeic.,"To dirty, soil."
flod,v.,? Onomatopoeic.,To walk slowly.
flog,v.,Presumably of onomatopoeic formation.,"To beat, whip; to chastise with repeated blows of a rod or whip."
flouse/floush,v.,? Onomatopoeic.,To splash.
flummer,v.,Apparently onomatopoeic.,"To repeat indistinctly, mumble."
flump,v.,Onomatopoeic.,To fall or move heavily with a dull noise.
flunge,v.,? Onomatopoeic.,? To fly or be flung out with sudden impetus.
flurr,v.,? Onomatopoeic.,"To scatter, throw about."
flurry,n.,? Onomatopoeic.,"A sudden agitation of the air, a gust or squall."
flush,v.,"Perhaps onomatopoeic; with initial fl- suggested by fly, flutter, etc.",To fly up quickly and suddenly; to start up and fly away.
fnarr-fnarr,"int., adj.",Imitative of smothered or half-suppressed laughter.,Representing lecherous or half-suppressed laughter. Frequently used to indicate sexual innuendo.
frab,v.,Onomatopoeic.,"To harass, worry."
frap,n.,Echoic.,A noise made by knocking.
fratch,v.,Onomatopoeic.,To make a harsh or strident noise; to creak.
fribble,v.,Onomatopoeic; probably influenced in sense by association with frivol (n.).,"To falter, stammer (out)."
fridge,v.,Apparently onomatopoeic.,To move restlessly (about or up and down); to fidget.
frill,v.,Probably echoic.,Of the eagle: to scream.
fruz,n.,"Onomatopoeic; compare frizz (n.), fuzz (n.).","A collection of short and small branches, producing a frizzy appearance."
fub(b)/fub(b)s,n.,"Onomatopoeic: suggested by full, chub, etc.",A small chubby person. Chiefly used as a term of endearment.
fubble,v.,Onomatopoeic: compare fumble.,To jumble (up).
fuff,v.,Echoic.,"To puff. Said of a breeze, fire, etc.; also, of a person in anger or out of breath."
fuffle,v.,Onomatopoeic.,"To throw into disorder; to jerk about; to hustle, treat with contumely."
fum,v.,Echoic.,To play (on a guitar) with the fingers.
funk,v.,Apparently onomatopoeic; a variant fung is common.,To kick.
fuss,n.,"Perhaps echoic of the sound of something sputtering or bubbling, or expressive of the action of ‘puffing and blowing’.",A bustle or commotion out of proportion to the occasion; a needless or excessive display of concern about anything; ostentatious or officious activity.
fustle,n.,Onomatopoeic.,"Fussle, a slight confusion."
fute,v.,? Echoic.,To whistle.
fuzz,n.,Perhaps imitative of the action of blowing away light particles.,"Loose volatile matter; a mass of fine, light, fluffy particles."
fuzz,v.,"Echoic; compare buzz, fizz.",To buzz.
gab,v.,Apparently onomatopoeic; compare gabble.,"To talk much or glibly; to chatter, prate."
gabber,v.,Onomatopoeic.,"To talk volubly, to jabber."
gabble,v.,Onomatopoeic; compare gabber.,"To talk volubly, inarticulately and incoherently; to chatter, jabber, prattle."
gag,n.,"May be of onomatopoeic origin (compare gaggle, n.) with the original sense of ‘unmeaning chatter’.","A ‘made-up’ story; a piece of deception, an imposture, a lie."
gag,v.,Apparently imitative of the sound made in choking.,"To strangle, suffocate."
gag,v.,? Onomatopoeic; compare jag (v.).,"To jerk; to strike with a sharp blow. Also, to toss up (the head)."
gaggle,v.,Probably an onomatopoeic formation (with frequentative suffix) on the syllable gag (gag-gag) often used to imitate the cry of the goose.,Of geese: to cackle.
gah,int.,Echoic.,An exclamation indicating impatience or exasperation.
gallop,v.,Probably onomatopoeic; compare wallop (v.).,To boil.
gamp,v.,Probably of imitative or expressive origin.,To devour or eat greedily; to gulp down.
garre,v.,"Echoic, but suggested by Latin garrīre.","To growl, snarl; to chatter, chide; to chirp, twitter."
gawf,n.,Onomatopoeic.,A loud noisy laugh.
gawl,v.,? Echoic.,To bawl out.
geremumble,v.,Probably onomatopoeic.,? To garbage (fish).
gibber,v.,Onomatopoeic.,"To speak rapidly and inarticulately; to chatter, talk nonsense. Said also of an ape."
gig,n.,Perhaps onomatopoeic; the identity of the word in all senses is very doubtful.,Something that whirls.
gig,v.,Perhaps onomatopoeic.,? To move to and fro.
giggle,v.,Echoic.,"To laugh continuously in a manner not uproarious, but suggestive either of foolish levity or uncontrollable amusement."
ging,n.,Probably imitative of the sound made by the elastic band when firing.,A hand-held catapult.
ging,v.,Imitative.,"To jingle, to tinkle."
glash,v.,? Onomatopoeic.,To come like a flash of light.
globbe,v.,Apparently imitative.,"To swallow (drink or food) quickly or in large mouthfuls, to gulp; to drink or eat gluttonously."
gloffer,n.,Echoic.,A gluttonous eater.
glop,v.,Echoic.,To swallow greedily.
glotter,v.,? Echoic.,To chatter.
glub,n.,Echoic.,An inarticulate sound rendered by this spelling.
gluck,n.,Echoic.,An inarticulate sound supposed to be expressed by this spelling.
gluck,v.,Echoic.,To make a sound rendered by ‘gluck’.
glug,n.,Echoic.,Aword formed to imitate an inarticulate sound.
glug,v.,Echoic.,To make the sound rendered by ‘glug’.
glut-glut,v.,Echoic.,To swallow or gulp down.
glutter,n.,Echoic.,Splutter.
gnacche,v.,Probably an onomatopoeia suggested by gnaw.,"To strike (the teeth) together, as in rage or anguish."
gnap,v.,Onomatopoeic.,To bite in a snapping fashion.
gnar,v.,Onomatopoeic.,"To snarl, growl."
gnip,v.,? Onomatopoeic.,"To nip, bite. Of a horse: To champ (the bit)."
go-away,n.,"Imitative of the bird’s alarm call, with remodelling after the imperative of to go away.","In full go-away bird. Any of three African turacos of the genus Corythaixoides, which have distinctive loud alarm calls; esp. the all-grey C. concolor of southern Africa (also called grey loerie)."
gobble/goggle,v.,Imitative of the gurgling sound made by a turkey.,Of a male turkey: to make its characteristic gurgling sound in the throat.
gobble,"int., n.",Imitative of the gurgling sound made by a turkey.,Representing the characteristic gurgling sound made by a male turkey in its throat.
godwit,n.,Probably originally imitative of the bird’s call.,"Any of the fairly large and long-legged migratory wading birds which constitute the genus Limosa (family Scolopacidae), having very long, straight or slightly upcurved bills and (typically) reddish breeding plumage."
goggle,v.,"Perhaps a frequentative of an onomatopoeic *gog, expressive of oscillating movement (compare jog, joggle).","Of persons: To turn the eyes to one side or other, to look obliquely, to squint."
golf,v.,Imitative.,"Of a pig: To grunt or snort, as in rage."
gollar/goller,v.,Echoic.,To emit a guggling sound’ (Jamieson).
golly,v.,Echoic.,To shout with a thick voice.
goo,v.,Onomatopoeic.,To make an inarticulate cooing or gurgling noise such as that made by babies and small children.
goo-goo,int.,Echoic.,An imitative representation of baby talk.
gothele,v.,Echoic.,"To make a low rumbling noise, as bubbles rising through water, or as is heard in the bowels."
granch,v.,"Onomatopoeic; compare grind, cranch.",Of the teeth: To gnash.
grash,v.,Onomatopoeic.,"To strike together or ‘grind’ the teeth, esp. from rage or anguish."
grassil,v.,Echoic.,"To make a harsh noise; to creak, rattle; also quasi-trans., to make a harsh noise with (the teeth or tusks), to gnash."
graunch,v.,Onomatopoeic.,"To make a crunching or grinding sound; trans., to cause to make such a sound."
grent,v.,? Onomatopoeic.,To gnash the teeth.
grinch,v.,Echoic.,To make a harsh grating noise.
grint,v.,Apparently an onomatopoeic formation.,To grind or gnash the teeth.
grolling,v.,? Echoic.,? Rumbling.
grouze,v.,? Echoic.,To devour or munch with a crunching sound.
growl,v.,Probably an echoic formation.,Of the bowels: to rumble.
grump,n.,"? Suggested by grunt (n.), with ending imitative of an inarticulate exclamation of displeasure.",Humps and grumps: slights and snubs.
grumph,v.,"Echoic, with suggestion <grunt (n.).",To grunt; said both of animals and human beings.
grundy,n.,Echoic.,Granulated pig-iron.
gubble,v.,Echoic.,To make the sound rendered by ‘gub’: a verb formed to imitate an inarticulate sound.
guddle,v.,Echoic.,To gargle.
guff,n.,Echoic.,"A puff, whiff."
guffaw,n.,Echoic.,A burst of coarse laughter; a loud or boisterous laugh.
gugg,v.,? Onomatopoeic.,"To wound, gall."
guggle,v.,Echoic.,To make a sound like that made by liquid pouring from a small-necked bottle.
guidguid,n.,Probably echoic.,"A ground-dwelling South American bird, Pteroptochos tarnii, belonging to the tapaculo group."
guit-guit,n.,Echoic.,"A name, presumably in imitation of the cry of a bird, used almost indefinitely for any species of the Neotropical genera Cæreba, Dacnis and their allies."
gulch,v.,Echoic.,To swallow or devour greedily.
gulp,v.,Echoic.,To swallow in large draughts or morsels hastily or with greediness.
gurk,v.,Echoic.,To belch.
gurl,v.,Echoic.,"To rumble, growl; (of the wind) to roar, howl."
gurr,n.,Echoic.,"A growl, snarl."
hackee,n.,Imitative of the animal’s warning cry.,"A North American ground squirrel or chipmunk, esp. the eastern chipmunk, Tamias striatus (also ground hackee)."
hadada(h),n.,Onomatopoeic from the bird’s raucous call.,"A large brown-green ibis, Hagedashia hagedash."
hallali,n.,Echoic.,A bugle call.
hap,v.,Probably imitative of a call to attract attention.,Of draught animals: to turn to the right (when directed).
harr,v.,Of echoic origin.,To snarl as a dog; to make a rough guttural trill.
harrumph,v.,Imitative.,A guttural sound made by clearing the throat.
hau-hau,v.,Echoic.,To utter the cry of a hyena.
haunk-haunk,n.,Echoic.,The cry of a hyena.
haw,"int., n.",Echoic.,An utterance marking hesitation.
haw-haw,"int., n., adj.",Echoic.,An expression of hesitation uttered repeatedly in an affected tone.
heck,v.,Echoic.,To cough slightly; to imitate the noise of a cough.
hee-haw,n.,Echoic.,A conventional representation of the bray of a jackass; a name for this.
hish,n.,Echoic.,"The rushing or whishing noise made by a scythe cutting grass, etc."
hish/hiss,v.,Echoic.,"To make the sharp spirant sound emitted by certain animals, as geese and serpents, or caused (e.g.) by the escape of steam through a narrow aperture, or uttered in the pronunciation of ’s’."
hist,"int., n.",Imitative.,"Used to enjoin silence, attract attention, or call on a person to listen."
hiz,v.,Echoic.,To make a hissing or whizzing noise.
hod,v.,? Onomatopoeic.,To bob up and down in riding; to jog.
honk,"n., int.",Imitative of the sound made by a wild goose.,Awild goose.
honk,v.,Imitative.,Of a wild goose or (occasionally) other bird: to make its characteristic harsh cry; to utter a honk or honks.
honky-tonk,"n., adj.",Origin unknown. Perhaps imitative of the sound of the music heard in such theatres.,"A disreputable entertainment venue, later spec. a cheap, sleazy bar or nightclub, typically one where country music is played."
hooshtah,int.,Echoic.,"A shout of encouragement, etc., to a camel."
hoss,v.,An onomatopoeic form akin to huzz (n.).,To buzz.
hough,v.,Echoic.,To clear the throat.
hub a dub,n.,"Echoic. Compare dub-a-dub, rub-a-dub.",The noise made by the beating of a drum.
huh-uh,int.,Imitative.,An expression of negation.
hurr,v.,Echoic.,To make or utter a dull sound of vibration or trilling; to buzz as an insect; to snarl as a dog; to pronounce a trilled r.
hush,n.,Echoic.,The sound made by water flowing swiftly but smoothly.
hush,v.,Echoic.,To send or let forth (water) with a rush.
huss,v.,"An echoic word, parallel to huss (n.).",To buzz.
hustling,n.,Echoic.,"Clashing, hurtling; ? rustling."
huzz,v.,Echoic.,To buzz.
iddy-umpty,n.,An imitative or expressive formation.,The Morse code; a dot followed by a dash in Morse code.
ish,v.,Echoic.,To make the sound ish! or sh! as in striking the air forcibly.
jabber/javer,v.,Apparently onomatopoeic.,"To talk rapidly and indistinctly or unintelligibly; to speak volubly and with little sense; to chatter, gabble, prattle."
jabble,v.,Apparently onomatopoeic.,"To shake or mix up together; to shake up or agitate (a liquid), to cause to splash."
jack-bird,n.,Echoic.,A local name for the fieldfare.
jam,v.,Apparently onomatopoeic.,"To press or squeeze (an object) tightly between two converging bodies or surfaces; to wedge or fix immovably in an opening, either by forcing the object in, or by the narrowing or closing in of the sides."
jar,v.,"In origin probably echoic, varying with gerre, charre, representing (with trilled r) a continued harsh vibratory sound.",To make or emit a harsh grating sound; to make a musical discord; to sound harshly or in discord with other sounds.
jarg,v.,Echoic.,"Of a door or gate: To make a creaking noise, to grate, jar, vibrate."
jasch,n.,Apparently onomatopoeic.,The dash of a wave.
jaup/jawp,v.,Apparently echoic.,To dash and rebound like water with splashing of the vicinity; to move with splashing; to splash; to make a light splashing sound.
jing,n.,Echoic.,"A sharp ring, a jingle."
jingle,v.,Imitative.,"To give forth a mingling of ringing sounds, as by the striking together of coins, keys, or other small metallic objects; it expresses a more prolonged and continuous sound than clink, and a more complicated one than tinkle."
jink,v.,Apparently onomatopoeic.,To move with quick sudden action; to move or dart with sudden turns; to move jerkily to and fro.
jirble,v.,Imitative of the characteristic sound.,"To spill (a liquid) by shaking or unsteady moving of the vessel; to pour out unsteadily; hence, to pour (liquid) from vessel to vessel."
job,v.,Apparently imitative of the sound or effect of a stab or prod.,"Of a bird: to peck. More generally: to penetrate into, to stab, pierce, or prod at."
jobble,n.,Apparently imitative of the sound and movement of the waves.,An agitated movement of water.
jopper,v.,Onomatopoeic.,To jolter or jolt.
joree,n.,"Echoic, from the call of the bird.","Any of several small American buntings, esp. the most common one, Pipilo erythrophthalmus."
jot,v.,Apparently onomatopoeic.,"To jog, jolt, bump."
jower,v.,? Onomatopoeic.,To growl; to scold; to mutter or grumble in an undertone.
jub,n.,Apparently onomatopoeic.,"A thrust or knock with something blunt, a jog; the jog of a trotting horse."
juck/juke,v.,Echoic.,"To make a sound or call imitated by this word, as a partridge."
jug,v.,Echoic.,Of the nightingale or other bird: To utter a sound like ‘jug’.
jur,v.,Echoic.,"To butt with (or as with) the horns or head. Said of a ram, a battering-ram, etc."
jut,v.,Apparently onomatopoeic.,"To strike, knock, or push against something."
kaak,v.,Imitative.,Of a crow: to caw.
kae,v.,Imitative.,The cry of a jackdaw.
katydid,n.,Echoic.,"A large longhorn grasshopper of the family Tettigoniidæ, of arboreal habits, which produces by stridulation a noise to which its name is due."
keak,v.,Imitative.,To cackle.
keck,v.,Echoic.,To make a sound as if about to vomit; to retch; to feel an vomit; to retch; to feel an inclination to vomit.
keelie,n.,Imitative of the bird’s cry.,A local name for the sparrow-hawk or kestrel.
kewt,v.,Imitative.,To mew as a cat.
kill-cu,n.,Imitative.,"A name of two American species of yellowshanks (Totanus melanoleucus and T. flavipes), related to the snipes."
killdee/killdeer,n.,Imitative of the note.,The largest species of ring-plover (Ægialitis vocifera) of North America.
kiskadee,n.,Echoic.,"A tyrant flycatcher, Pitangus sulphuratus, found in Central and South America."
ki-yi,v.,Echoic.,"To howl or yelp as a dog, or utter a sound compared to this."
kling-kling,n.,Echoic.,"A Jamaican name for a grackle, Quiscalus niger."
klop,n.,Echoic.,The sound of the impact of something solid on a hard surface.
knal,n.,Echoic.,"A stroke, knock, esp. on the head."
knap,v.,Echoic.,"To strike with a hard short sound; to knack, knock, rap."
knickety-knock,"adv., n.",Echoic.,An echoic word imitating an alternation of knocking sounds; hence adverbially: striking from side to side with alternation of sound.
knoll,n.,"Formed with knoll (v.), from same root as knell (n.), perhaps with later onomatopoeic modification.","An act, or the action, of ‘knolling’ or tolling a bell; the sound of a large bell."
kyoodle,v.,Imitative.,"To make a loud noise; to bark, to yap."
lab,v.,? Onomatopoeic.,To blab.
la-di-da,n.,"Onomatopoeic, in ridicule of ‘swell’ modes of utterance.",A derisive term for one who affects gentility; a ‘swell’.
laldy,n.,"Of uncertain origin: probably imitative, but perhaps ultimately < Old English læl whip, weal, bruise.","A beating, a thrashing; punishment."
lall,v.,"Echoic, after Latin lallāre.","To say ‘lal, lal’; to speak childishly."
lamp,v.,? An onomatopoeic formation suggested by limp (v.).,To go quickly by taking long steps’ (Jamieson).
lantum,n.,Probably merely echoic.,"A kind of accordion or concertina, shaped and played like a hurdy-gurdy."
lash,v.,"An onomatopoeic origin is possible, and is favoured by the early appearance of the parallel and nearly synonymous lush (v.); compare dash, dush, flash, flush, mash, mush, smash, smush, etc.",To move swiftly and suddenly.
lill,v.,Onomatopoeic.,To loll or hang (the tongue) out (rarely forth).
lob,n.,Perhaps onomatopoeic in origin.,The pollack.
loblolly,n.,Perhaps onomatopoeic.,"Thick gruel or spoon-meat, frequently referred to as a rustic or nautical dish or simple medicinal remedy; burgoo."
log,v.,? Onomatopoeic.,"To rock, move to and fro."
logger,v.,? An imitative formation.,To hang loosely and largely’ (Jamieson).
lop,n.,Onomatopoeic.,A state of the sea in which the waves are short and lumpy.
lop,v.,Perhaps onomatopoeic of origin.,To hang loosely or limply; to droop; to flop or sway limply about.
losh,v.,? Onomatopoeic.,? To fall with a splash; to go stumbling.
lounder,n.,? Onomatopoeic.,"A heavy, swingeing blow."
loune,v.,Echoic.,To utter the cry of the crane.
lout,v.,? Echoic.,To low or bellow.
lull,v.,"Imitative of the repetition of /lʌ lʌ/ or similar sounds, appropriate to the purpose of singing a child to sleep.",To soothe with sounds or caresses; to induce to sleep or to pleasing quiescence.
lulla,int.,Onomatopoeic.,To soothe with a lullaby; to sing to sleep.
lulliloo,v.,Imitative.,To utter the cries by which certain African peoples express delight.
lunch,n.,Apparently onomatopoeic.,The sound made by the fall of a soft heavy body.
maa,"v., int.",Imitative.,Of a sheep or lamb: to utter its distinctive cry; to bleat.
maule,"v., int.",Imitative.,To cry like a cat; to mew.
meep,"n., int.",Imitative.,"A short, high-pitched sound."
mew/mewt,v.,Imitative.,Of a cat (occasionally of other animals): to make its characteristic cry; to utter a mew.
mewl,v.,Imitative.,"Esp. of an infant: to cry feebly, to whimper; to make a whining noise."
miaow,v.,Imitative.,Of a cat: to make its characteristic cry.
miff,n.,"Perhaps originally an exclamation of imitative origin; perhaps compare Middle High German muff, mupf, interjection expressing disgust (also miff muff, with reduplication and variation of the vowel), also used as noun denoting the corresponding gesture or facial expression.","A fit of pique, a huff; a petty quarrel, a tiff."
mim,"adj., adv.",Perhaps imitative of the action of pursing up the mouth.,"Reserved or restrained inmanner or behaviour, esp. in a contrived or priggish way; affectedly modest, demure; primly silent, quiet; affectedly moderate or abstemious in diet (rare)."
mimp,"n., adj.",Perhaps imitative.,"A prim, or affectedly modest or demure, woman."
mm,"int., n.",Imitative.,"Expressing satisfaction, approval, or assent."
moo,"n., int.",Imitative.,The lowing sound made by a cow or other bovine animal; an imitation of this.
mop,"n., int.",Apparently imitative.,"Originally: a concluding rhythmic flourish to a piece of jazz music. Hence: the conclusion, the final outcome of any situation."
morepork,n.,Imitative of the boobook owl’s usual call.,Originally and chiefly: the boobook owl.
mph,int.,Imitative.,"Expressing disapproval, doubt, or dissatisfaction."
mphm,int.,Imitative.,"Expressing disapproval, doubt, or dissatisfaction."
muff,v.,Perhaps imitative of an inarticulate sound.,Chiefly in negative contexts: to utter a word; to speak.
muffle,v.,Perhaps imitative.,To speak indistinctly.
mum,"n., int., adj.",Imitative.,"An inarticulate sound made with closed lips, usually as an indication of inability or unwillingness to speak; (in a negative context) the slightest utterance."
mum,v.,Apparently ultimately < an imitative base.,"To utter a faint sound; to speak softly or indistinctly; to whisper; to mutter, mumble."
mump,"n., adj.",Probably < an imitative base.,"A grimace, a moue; an exaggerated facial expression."
mump,v.,Apparently < an imitative base of Germanic origin.,To grimace; to form the lips into a grimace or grin; to convey a thought or meaning indirectly by one’s facial expression.
murr,v.,Imitative.,To make a harsh noise.
murre,n.,"Origin uncertain: probably imitative of the adult guillemot’s call, and transferred to the other species.","Originally (now Brit. regional): any of various guillemots and other auks, esp. the razorbill."
muruk,n.,Probably originally imitative.,"A cassowary; spec. the dwarf cassowary, Casuarius bennetti, native to the highlands of New Guinea and New Britain."
mustle,v.,Probably imitative.,"To murmur, make a noise."
mwah,"n., int.",Imitative.,"An exaggerated kiss, esp. one given on the cheek to a social acquaintance; an air kiss."
nicker,v.,Apparently < an imitative base.,"Of a horse, donkey, etc.: to make a soft noise, as when recognizing a foal or being offered a titbit."
niminy-piminy,adj.,Imitative of affected speech.,"Mincing, affected; without force, drive, or spirit."
nipper,v.,Imitative.,"To whisper, to gossip."
nuh-uh,adv.,Imitative.,No; used esp. to rebuff or contradict.
num,"int., v.",Imitative.,"An exclamation of pleasurable anticipation, with implication of sensual or gustatory satisfaction."
nummy,"adj., int.",Imitative.,"Of food: delicious, yummy, especially tasty or tempting."
nyaff,v.,Imitative.,"Of a (small) dog: to yelp, bark. Hence, of a child or small or insignificant person: to speak in a cheeky or peevish manner; to whinge."
nyah,"int., n., adj.",Imitative.,Expressing the speaker’s feeling of superiority or contempt for another.
oink,"int., n.",Imitative.,Representing a grunting sound made by a pig or (occasionally) a similar sound made by another creature. Also representing a human imitation of such a sound.
oompah,"n., int.",Imitative.,The repetitive rhythmical sound characteristic of a deep-toned brass instrument in a band; a sound or musical accompaniment resembling this.
oomph,n.,Imitative.,"The quality of being exciting, energetic, or sexually attractive; energy, vigour."
ooyah,int.,Imitative.,Expressing sudden pain.
ou,int.,Probably imitative.,"Expressing surprise, excitement, or a similar emotion."
ouch,int.,Imitative.,A representation of the bark of a dog.
ouff,"v., int.",Imitative.,Of a dog: to bark.
ough,"int., n.",Imitative.,"In early use: used in imitation of a sound denoting various sentiments, some also expressed by och, oh, ooh, etc."
paff,"int., n.",Imitative.,"Used to represent the sound of an impact, blow, explosion, etc.: ‘bang!’, ‘pow!’"
pah,"int., adj.",Imitative.,Expressing disgust or disdain.
pamp,v.,Imitative.,To pamper with food; to fatten.
pang,"int., n.","Probably imitative, perhaps after bang (n.).","Representing a short resonant sound, such as that produced by the striking of metal, etc."
pash,v.,Imitative.,"To hurl or throw (something) violently, so as break it against something or smash something with it."
pat,v.,Imitative.,Representing a patting sound; with a pat.
pech,v.,Apparently imitative.,"To breathe hard, as from exertion, or with difficulty; to puff, to pant; to become short of breath."
peeoy,n.,Imitative.,A kind of home-made firework consisting of a small cone of damp gunpowder which is lighted at the top.
peesweep/peeweep/peewit,n.,Imitative of the bird’s call.,"The lapwing, Vanellus vanellus."
peetweet,n.,Imitative of the bird’s call.,"The spotted sandpiper of North and South America, Actitis macularia."
petchary,n.,Imitative of the bird’s call.,"The grey kingbird, Tyrannus dominicensis."
petter,v.,Imitative.,"To make a light, rapid, repetitious sound."
pew,n.,Imitative.,"The thin cry of a bird, esp. of the kite."
pew,v.,Imitative.,"Of a bird, esp. a kite: to cry in a plaintive manner."
pew,int.,Imitative.,"Expressing contempt, disgust, or derision."
pewewe,int.,Imitative.,Representing the plaintive call of some birds of prey.
phah,n.,Imitative.,An ejaculation expressing contempt or disgust.
pheal,n.,Imitative.,The cry of the jackal when hunting.
phew,"int., n.","Imitative, representing the action of puffing or blowing away with the lips.",The cry of the jackal when hunting.
phit,int.,Imitative.,"Representing various sounds, esp. of a short explosive nature, as the brief rapid expulsion of air, the sound made by a rifle bullet, etc."
pho,int.,Imitative.,Expressing contemptuous rejection or dismissal.
phoo,int.,Imitative.,"Expressing contemptuous rejection, cursory dismissal (of a proposition, idea, etc.), disagreement, or reproach."
phu,"int., n., adj., adv.",Imitative.,"A brief plosive sound, such as the noise made by the escape of a small quantity of air under pressure, or by the passage of a bullet, or the sound of a small muffled explosion."
phwoar,int.,Imitative.,"As an enthusiastic expression of desire, approval, or excitement, esp. in regard to sexual attractiveness: ‘cor!’ ‘wow!’"
piff,v.,Imitative.,"To blow, play (on a flute)."
piff,int.,Imitative.,"Representing the sound of a short, abrupt displacement or passage of air as caused by the flight of a bullet, a small explosion, etc."
piffle,v.,Probably imitative.,"To talk or behave in an ineffectual way; to talk nonsense, to witter; to dither or fiddle."
pimlico,n.,Imitative of the bird’s call.,"Audubon’s shearwater, Puffinus lherminieri."
pinchem,n.,Imitative of the bird’s call.,"The blue tit, Parus caeruleus."
pinc-pinc,n.,Ultimately imitative of the bird’s call.,"Any of several small South African warblers of the family Sylviidae; esp. the cloud cisticola, Cisticola textrix."
ping/pinge,"n., int.",Imitative.,"Representing a short, resonant, high-pitched (usually metallic) sound, as that made by the firing of a bullet, the ringing of a small bell, etc."
ping-pong,n.,Imitative of the distinctive sounds emitted during the game when the ball makes alternate contact with the bat and the table.,The game of table tennis.
ping-pong,n.,Imitative of the sound of the drum.,Also more fully ping-pong drum. A drum which supplies the melody in a Caribbean steel band; a tenor pan.
pink,"n., int.",Imitative.,Something which makes a short sharp noise.
pink,v.,Probably imitative.,"To trickle, to drip; to make a tinkling sound while dripping."
pip,n.,Imitative.,"A short, high-pitched electronic tone used as a signal."
pip,v.,Imitative.,To toot or beep (a person) with the horn of a vehicle; to sound (a horn).
pipit,n.,Probably imitative.,"Any of several typically ground-dwelling songbirds with brown-streaked plumage, of the cosmopolitan genus Anthus or related genera (family Motacillidae)."
pip-pip,"int., n.",Imitative.,"Imitating a repeated, short, high-pitched sound, esp. one made by a car or bicycle horn."
pip-pop,"int., n.",Imitative.,Imitating the sound of gun fire.
piramidig,n.,Imitative of the bird’s call.,"The common nighthawk, Chordeiles minor."
pirn,n.,Origin uncertain. Perhaps imitative.,"A bobbin, spool, or reel."
pirrie,n.,Apparently imitative.,"A sudden, strong blast of wind; a squall; a storm."
pish,"int., n.",Imitative.,"Expressing contempt, impatience, or disgust."
pist,int.,Imitative.,"Used to attract attention, or to convey important or secret information."
pit,int.,Imitative.,"Representing a sharp light sound, as of water against a windowpane."
pit-a-pat,"adv., n., adj.","Imitative, expressing rapid, light, alternating sounds.","With a series of rapidly alternating or repeated light sounds, as of a quick heartbeat, footsteps, etc."
plap,v.,Imitative.,To come down or fall with the sound of a flat impact; to make a light slapping sound.
plapper,v.,Imitative.,"To make a gentle repetitive slapping or plopping sound, as by moving the lips, splashing water, etc."
plash,"n., int.",Apparently ultimately imitative.,"The sound made when a body strikes the surface of water so as to break it up, or plunges into or through it."
plash,v.,Apparently ultimately imitative.,"To break the surface of, plunge into, or otherwise stir up (water or other liquid) with commotion and splashing."
platch,v.,Apparently ultimately imitative.,To walk through mud or mire.
pleep,n.,Imitative.,"A shrill piping cry, esp. that of a wading bird; the weak peeping cry of a young bird."
plink,v.,Imitative.,"To cause (something) to emit a short, sharp, metallic tinkling or ringing sound."
plip,"int., n.",Imitative.,"Representing a small, abrupt, hollow sound, as of an object dropping into water, a bubble bursting softly, etc. "
plish,n.,Imitative.,A splashing sound.
plonk,v.,Imitative.,To hit or strike (someone or something) with a heavy thud.
plop,v.,Imitative.,"To fall or move with or as with a plop, esp. when, or as if, landing in water."
plout,n.,Imitative.,"The action of plunging or submerging, esp. in plout kirn n. (also plout churn) a churn operated by a plunger."
plout,v.,Imitative.,"To plunge, submerge."
pluff,"n., adj., int.",Imitative.,A blowpipe.
pluff,v.,Imitative.,"To puff; to blow out with a puff, esp. suddenly or explosively."
plump,v.,Ultimately imitative.,To land with a splash; to plunge into water.
plump,"adv., int., adj.",Ultimately imitative.,"With an abrupt or heavy fall or drop; with a thud or a sudden impact; suddenly, unexpectedly."
plung,"int., n.",Imitative.,Representing the resonant sound made by a tennis racket striking a ball.
plunk,"n., adv., int.",Imitative.,A large sum; a fortune.
plup,"n., int.",Imitative.,A soft splashing or popping sound.
pob,"int., adv.",Imitative.,"Representing an abrupt, heavy sound, as of an inelastic body striking a hard surface."
pobblebonk,n.,Imitative.,"Either of two Australian frogs of the genus Limnodynastes (family Myobatrachidae) having a loud, twang-like, single-note call."
pock,n.,Imitative.,"An abrupt percussive sound, as of a bat striking a ball, a bullet striking a wall, etc."
pocketa-pocketa,"int., n.",Imitative.,"Representing a series of rapidly repeated percussive sounds, such as those made by an internal combustion engine."
podge,v.,Imitative of the thudding sound of footsteps.,To walk slowly and heavily.
poh,"int., v.",Imitative.,Expressing contemptuous rejection.
pong,"n., int.",Imitative.,"A blow, a bang; a short, resonant, low-pitched sound."
poof,"int., n.",Imitative.,"Expressing contempt, disgust, or distaste as conveyed by the emission of a short sharp puff of breath."
pooh,"n., int.",Imitative.,An utterance of ‘pooh’.
poop,v.,Imitative,"To produce a short blast of sound, as with a horn; to blow, toot; to make a gulping sound in drinking."
poorwill,n.,Imitative of the bird’s call.,"More fully common poorwill. A small white-throated nightjar of western North America, Phalaenoptilus nuttallii, which is the only bird known to hibernate regularly in cold weather."
poot,"n., int.",Imitative.,"An act of breaking wind, a fart."
pop,n.,Imitative.,"A blow, a knock, a punch; a slight rap or tap."
pope,n.,Imitative of the booming sound made by the bird’s wings during its diving display flight.,"The nighthawk, Chordeiles minor."
popple,v.,Apparently imitative.,"To flow in a tumbling manner, as water from a spring or over a pebbly surface; to tumble about, as boiling or otherwise agitated liquid; to bubble up; to ripple."
potoo,n.,Probably imitative of the bird’s call.,"Any of several nocturnal, insectivorous tropical American birds constituting the genus Nyctibius."
potrack,n.,Imitative of the bird’s call.,Representing the call of a guineafowl.
pow,int.,Imitative.,"Representing the sound of a blow, punch, shot, etc.: ‘Wham!’, ‘Bang!’"
pring,n.,Imitative.,The sound made by a bell.
pring,v.,Imitative.,To make a sound like a bell.
proo,int.,Apparently imitative.,"Used as a call to a cow or calf, or to command a horse to stop, stand still, etc."
prut,"int., n.",Imitative.,"An exclamation of contempt, disbelief, etc."
pshaw,"int., n.",Imitative.,"Expressing contempt, impatience, or disgust, or used to depreciate or dismiss some statement or notion."
psht,int.,Imitative.,"Expressing caution, surprise, or impatience."
psst,"int., n.",Imitative.,"Used to attract attention or give warning, esp. surreptitiously."
pst,int.,Imitative.,Expressing a whispered signal for silence.
ptish,int.,Imitative.,An exclamation of contempt or disdain.
ptui,int.,Imitative.,Representing the sound of a person spitting; (hence) expressing disgust or contempt: ‘Pah!’ ‘Pshaw!’
pudge,v.,Imitative of the heavy sound of thudding footsteps.,To walk or move slowly and heavily; to trudge.
puff,v.,Imitative of the action and sound of emitting a puff of breath from the lips.,"To blow out (air, one’s breath, smoke, etc.), esp. in a short abrupt blast or blasts; to emit in puffs."
puff-puff,n.,Imitative.,The sound of repeated puffing by a steam engine; (esp. in children’s language) a steam locomotive or steam train.
punk,v.,Apparently imitative.,"To force, thrust, or propel in a specified direction."
pup,"v., int.",Imitative.,To make a dismissive or contemptuous sound with the lips.
purl,n.,Imitative of the bird’s call.,A tern.
purl,v.,Imitative.,"Of a cat: to purr. Also in later use, esp. of an engine: to make a sound resembling a cat’s purr."
purr,n.,Imitative.,"An act of purring; the low vibrating sound made by a cat, usually when pleased or contented."
purr,v.,Imitative.,"Of a cat or another feline animal: to make a low, continuous, vibratory sound taken to be expressive of satisfaction or pleasure."
purr,int.,Apparently imitative.,Used as a call to pigs or turkeys. Formerly also in extended use.
purre,n.,Imitative of the purre’s trilling call.,"The dunlin (Calidris alpina) in its winter plumage, formerly thought to be a separate species."
push,"n., int.",Imitative.,An utterance of ‘push’; to make a push at: to treat with disdain.
put-put,"adj., n.",Imitative of the sound of an internal combustion engine.,"Of a device, engine, vehicle, etc.: that makes a rapid intermittent sound, esp. one characteristic of a small internal combustion engine."
put-put,v.,Imitative of the sound of an internal combustion engine.,To make a rapid intermittent sound characteristic of a small internal combustion engine.
putter,v.,Imitative of the sound of an internal combustion engine.,"To make a rapid, intermittent sound, esp. that of small internal combustion engine."
py hy,int.,Imitative.,Representing the sound of laughter.
quack,n.,Probably imitative.,A state of hoarseness or croakiness in the throat.
quack,v.,Imitative.,Of a duck: to make its characteristic harsh sound.
quack/quake,"int., n.",Imitative.,"Representing the characteristic harsh sound of a duck, or a noise resembling this."
quafer,v.,Probably imitative.,To find (a thing) by feeling about.
qualm,n.,Apparently imitative.,The sound of the cry of a raven.
quank,"int., n.",Imitative.,Representing a harsh croaking or honking sound made by certain birds and animals.
quawk,n.,Imitative.,"The black-crowned night heron, Nycticorax nycticorax, which has a deep, hoarse call."
quawk,v.,Imitative.,"Of a bird or other creature, esp. a rook, crow, or domestic fowl: to utter a harsh call or quawk; to squawk."
queck,"int., n.",Imitative.,Representing a choking sound or a death rattle.
queef,n.,Probably imitative.,"An audible release of air from the vagina, typically during or after sexual intercourse."
quelch,v.,Imitative.,To make squelchy sounds.
quirk,v.,Apparently imitative.,"To grunt, croak, groan, sigh, etc.; to grumble, complain."
quiz,v.,Imitative.,To make a whirring sound.
quop,v.,Imitative.,"To tremble, wriggle, writhe; to throb, pulsate, palpitate."
raish,n.,Imitative.,A harsh swish.
ralph,v.,"Apparently imitative, probably after the male forename Ralph.",To vomit.
ramp,v.,Imitative.,To eat greedily or noisily.
randan,n.,Probably imitative.,"Riotous or disorderly behaviour; a rowdy celebration or excursion, a spree."
ran-tan,v.,Ultimately imitative.,"To vituperate, rail against, or upbraid a person."
ran-tan,int.,Ultimately imitative.,"Representing a loud and repetitive banging noise, esp. that made by knocking or drumming."
rap,n.,Probably imitative.,"Senses relating to a blow, stroke, or loud noise."
rash,n.,Imitative.,A rustling or scraping noise.
rasteling,n.,Origin uncertain. Probably ultimately imitative.,"Perhaps: a disturbance, a commotion."
ratamacue,n.,Imitative.,"One of the basic patterns or rudiments of drumming, consisting of a triplet preceded by a two-stroke drag and followed by an accented beat."
rat-a-tat/tattartattar,"int., n., adj.",Imitative.,"Representing or imitating a series of short, sharp, rapping or tapping sounds, as produced by firing a gun, knocking at a door, etc."
rattan,n.,Imitative.,A drumming or beating noise; a tattoo.
rat-tat/tat-tat,"n., int., adj.",Imitative.,"A sharp rapping sound, esp. of a knock at a door or of reports from a gun, etc."
ribbit,n.,Imitative.,"Representing the characteristic sound made by a frog, or an imitation of this."
rickle,v.,Origin uncertain. Probably ultimately imitative.,"To make a rattling, clattering, or jingling sound."
ricky-tick,"n., adj., adv.",Imitative.,"A style of jazz regarded as old-fashioned or unsophisticated, esp. as characteristic of the 1920s; ragtime."
riff,v.,Ultimately imitative of the sound of pages being flicked through.,"To flick through (papers, books, etc.); to thumb (a block of paper, a book, etc.), releasing the leaves in (usually rapid) succession."
riff-raff,n.,Probably a reduplicative formation (with variation of the vowel) of imitative origin.,"A tumult, a racket; the sound of this."
rifty-tufty,adv.,Probably a reduplicative formation ultimately of imitative origin.,In disorderly haste or confusion; helter-skelter.
rim ram ruff,"phr., n.",Probably imitative of the effect of alliterative verse.,Used by Chaucer to evoke the effect of medieval alliterative verse.
roocoocoo,v.,Imitative of the bird’s call.,Of a pigeon or a dove: to coo.
rooty-toot,v.,Imitative of the sound of a trumpet.,"To make a tooting sound with, or as with, a horn or trumpet."
rounce,v.,Probably imitative.,"To behave in an agitated, boisterous, or noisy manner."
rous,adv.,Imitative.,With a bounce or a bang.
row,n.,"Origin uncertain, perhaps originally imitative of the indistinct sound of a noisy commotion.","A noisy or violent argument, a quarrel with someone."
row dow dow,n.,Imitative of the sound of a drum.,"A series of resonant sounds, as produced by beating a drum."
rub-a-dub/rub-a-dub-dub,n.,Imitative of the sound of a drum being beaten.,The sound of a drum being beaten; a drumming sound.
ruff,n.,Probably imitative of the sound of a drum roll.,"One of the ornamental rudiments of side drum playing, consisting of three quick strokes followed by a fourth, producing a light militaristic roll."
ruff,int.,Imitative of a dog’s bark.,"Representing the characteristic bark of a dog, or a human imitation of such a bark."
ruffle,n.,"Probably < a first element imitative of a drum roll with addition of an ending perhaps reflecting frequentative verbs in le suffix and related nouns, or perhaps after ruf 1fle (n.).",A rapid vibrating drum beat.
ruff-raff,adj.,A reduplicative formation (with variation of the vowel) of imitative origin.,Noisy.
rufty-tufty,"adj., int.","A reduplicative formation, in early use probably ultimately of imitative origin.","Rumbustious, boisterous; rough, tough."
rum-ti-too,adj.,Imitative of a drum roll.,Commonplace.
rum-ti-tum,"int., adj., n.",Imitative of a drum roll.,Used as a meaningless refrain or to represent a regular rhythmic sound.
rum-tum,"int., n.",Imitative of the sound of a drum roll.,Used to represent a regular rhythmic musical sound.
rustle,v.,Origin uncertain. Probably ultimately imitative.,"To make a sound typically caused by the shaking or friction of surfaces (usually a soft muffled sound, but in early use sometimes a rattling, clattering, or crashing sound)."
scape,n.,Imitative.,A conventional imitation of the cry of the snipe when flushed (also used for the brambling’s call).
scat,n.,Perhaps onomatopoeic; the identity of the word in the various senses is uncertain.,A blow or buffet.
scat,n.,Probably imitative.,"A style of improvised singing in which meaningless but expressive syllables, usually representing the sound of a musical instrument, are used instead of words."
scat,adv.,Probably onomatopoeic.,to go scat: to fall down; to break in pieces; to become bankrupt.
scraich/scraigh,v.,Echoic.,To utter a harsh cry.
scranch,v.,Apparently an onomatopoeic formation.,To crush with the teeth (a thing somewhat firm and brittle); to chew or bite with a crushing noise.
scraugh,v.,Echoic.,To utter a loud hoarse cry.
scraw,v.,Echoic.,"To clear the throat, to ‘hawk’."
screed,v.,Probably imitative.,"To make a loud, harsh, screeching noise as of something ripping or scraping."
scride,v.,? Echoic.,To make a shrill sound.
scritch,v.,Imitative.,To utter a loud shrill cry or screech.
scroop,n.,Echoic.,"A harsh, strident, or scraping noise."
scroop,v.,Echoic.,"To make a strident, grating, or scraping sound; to grate, creak, squeak."
seesee,n.,Echoic.,"In full, seesee partridge. A small sand partridge, Ammoperdix griseogularis, found in parts of western Asia."
shale,v.,Apparently echoic.,Of water: To make the sound characteristic of tidal movement near the shore.
shallal,n.,Echoic.,A serenade of kettles and pans given to a notorious wedding couple’ (English Dialect Dictionary).
shinder,v.,? Echoic.,To shiver or shatter in pieces.
shoy-hoy/,n.,Imitative of the cry used for,One who scares away birds from
shoyhoy,,scaring birds.,a sown field.
simper,v.,Probably imitative.,To simmer.
sing-sing,n.,Imitative.,A singing or ringing sound.
sis-boom-bah,"int., n.","Echoic, repr. the sound of a skyrocket: a hissing flight (sis), an explosion (boom), and an exclamation of delight from the spectators (bah, ah).",A shout expressive of support or encouragement to a college team.
sistle,v.,Imitative.,To emit a kind of hissing sound.
sizz,v.,Imitative.,"To burn, brand."
sizzle,v.,Imitative.,To burn or scorch so as to produce a hissing sound; to burn up with intense heat.
ska,n.,Probably imitative of the distinctive guitar sound typical of this music.,"A kind of popular music of Jamaican origin, characterized by a fast tempo and emphasis of the off-beat."
skelloch,v.,Probably imitative.,"To shriek, yell; to resound shrilly."
skelp,v.,Probably imitative.,"To strike, beat, slap, smack, in later use spec. on the breech."
skronk,"int., n.",Imitative.,"Representing any of various loud, harsh sounds."
slatter,v.,Imitative.,To clatter.
slodge,v.,? Imitative.,To trail or drag the feet in walking; to walk slouchingly.
sloff,v.,Imitative.,"To eat greedily, dirtily, or slovenly."
slosh,n.,Echoic.,"A pouring of water; a wash; a noise of, or as of, heavily splashing or rushing water."
slosh,v.,Echoic.,To wash with a copious supply of water; to pour water or other liquid copiously over.
slosh,v.,Imitative.,To lap up or swallow greedily.
sluffer,v.,Imitative.,To gobble up noisily.
slump,v.,Probably imitative.,"To fall or sink in or into a bog, swamp, muddy place, etc."
slumper,v.,Probably imitative.,To move or travel heavily or with difficulty on account of miry or muddy roads; to flounder through or along.
smash,v.,Probably imitative.,To kick down stairs.
snaffle,v.,Imitative.,To utter through the nose.
snash,v.,Probably imitative.,To use abusive or impertinent language.
snavel,v.,Imitative.,To snuffle.
sneck,n.,Imitative.,A sharp clicking sound.
sneer,v.,Probably of imitative origin.,Of a horse: to snort.
snick,v.,Imitative.,To cause to click or sound sharply.
snicker,v.,Imitative.,To laugh in a half-suppressed or smothered manner; to snigger.
snicker-snack/snick-snack,"adv., n.",Imitative.,(With) a snipping or clicking sound.
snick-up,n.,Imitative.,"A sneeze, sneezing-fit."
sniff,v.,Imitative.,To draw air through the nose with short or sharp audible inhalations.
sniffle,v.,Imitative.,To snivel or snuffle slightly.
snift,v.,Imitative.,"To sniff, in various senses."
snifter,v.,Imitative.,"To sniff, snivel, snuffle."
snigger,v.,Imitative.,"To laugh in a half-suppressed, light or covert manner."
sniggle,v.,Imitative.,To snigger or snicker.
snirt,v.,Imitative.,To laugh in a suppressed manner.
snoach,v.,Imitative.,"To snuffle; to breathe or speak through the nose, etc."
snob,v.,Imitative.,To sob.
snock,n.,Probably imitative.,A knock; a smart blow.
snop,n.,Imitative.,A sharp blow or impact; the sound made by this.
snop,v.,Imitative.,To strike sharply and smartly; to break in this way.
snore,v.,Probably imitative.,"Of animals, esp. horses: to snort."
snort,v.,Probably imitative.,"Of the nose: to turn up, as in sniffing."
snurt,v.,Probably imitative.,To snort.
snush,n.,"Perhaps imitative of a sneezing sound, but compare Danish and Swedish snus.",Snuff.
snuttering,n.,Imitative.,Chattering.
sob,v.,Apparently of imitative origin.,"To catch the breath in a convulsive manner as the result of violent emotion, esp. grief."
sock,v.,Imitative.,To sigh.
sosh,n.,Imitative.,"A dull, heavy sound; a thud."
soss,n.,? Imitative of the sound of lapping.,–
soss,n.,Imitative.,"The sound made by a heavy, soft body falling upon or otherwise coming in contact with a surface; a heavy, awkward fall."
souse,n.,"Of obscure origin, perhaps imitative.",A heavy blow; a thump.
spank,v.,Probably imitative of the sound.,"To slap or smack (a person, esp. a child) with the open hand."
spat,n.,Probably imitative.,A tiff or dispute; a quarrel.
spat,v.,Probably imitative.,To start up sharply or actively; to engage in a dispute.
spink,n.,Probably imitative of the note of the bird.,One or other of the finches; esp. the chaffinch.
splack,adv.,Echoic.,With a sound suggestive of splashing and smacking.
splatter,v.,Imitative.,To splash continuously or noisily.
splodge,v.,Imitative of the sound.,To trudge or plod splashily through mud or water.
splosh,n.,Echoic.,"The dull, splashing sound of the impact of a hard object striking or struck by something wet and soft; the impact itself."
sploshy,adj.,Imitative.,Sloppy.
splotch,n.,Apparently of imitative origin.,"A large or solid splash or spatter of mud, etc.; a large or glaring patch of colour."
splunge,v.,Imitative.,To plunge.
splurge,n.,Imitative.,An ostentatious display or effort.
splurt,v.,Imitative.,To squirt or spirt out (liquid).
splutter,n.,Imitative.,A noise or fuss.
spooge,n.,Probably an imitative or expressive formation.,Semen. Also: any unpleasant viscous substance.
sposh,n.,Imitative.,Mud; slush.
spraich,n.,Imitative.,A scream or outcry.
sprinkle,n.,Imitative.,"A light, tinkling sound."
spuffle,v.,Imitative.,To fuss or bustle; to be in a flurry or in breathless haste.
squab,"int., adv.",Imitative.,With a heavy fall or squash.
squable,n.,Probably imitative.,"A wrangle, dispute, brawl; a petty quarrel."
squail,v.,Imitative.,To make a shrill noise.
squall,v.,Imitative.,To scream loudly or discordantly.
squark,n.,Imitative.,A harsh croak; a squawk.
squark,v.,Imitative.,Of birds: To croak harshly; to squawk.
squatter,v.,Probably imitative.,? To be fussily busy.
squawk,v.,Imitative.,To call or cry with a loud harsh note; to squall or screech hoarsely.
squeak,v.,Imitative.,To emit a short or slight sound of a thin high-pitched character.
squeal,v.,Imitative.,"To utter (or give out) a more or less prolonged loud sharp cry, esp. by reason of pain or sudden alarm; to scream shrilly."
squeck,n.,? Imitative.,A disease affecting fowls.
squee,"int., n.",Imitative of a high-pitched squealing sound.,"Representing a high-pitched squealing or squeaking sound produced by an animal, musical instrument, etc."
squelch,n.,Imitative.,A heavy crushing fall or blow acting on a soft body; the sound produced by this.
squidge,n.,Imitative.,The sound made by soft mud yielding to sudden pressure.
squiggle,n.,Imitative.,A giggle or sniggle.
squirk,n.,Imitative.,A half-suppressed laugh.
squirm,v.,Apparently imitative.,To wriggle or writhe.
squish,v.,Imitative.,"To squeeze, to squash."
squish-squash,"n., adv., v.",Imitative.,With the splashing or squashing sound made in walking through water or soft mud.
squit,v.,? Imitative.,To squirt.
squizzle,v.,Imitative.,"To squirt out, to squish."
squodgy,adj.,Imitative.,Soft and soggy; squelchy.
sqush,v.,Imitative.,"To collapse into a soft, pulpy mass."
stonk/stunk,n.,Echoic.,The stake put in by boys in a game; especially in that of taw.
stramash,v.,Apparently onomatopoeic.,"To crush, or break irreparably; to destroy."
strim-stram,n.,Echoic.,A rude stringed instrument of the guitar kind.
strum,v.,Echoic.,"To play on (a stringed instrument) carelessly or unskilfully; to produce (notes, a tune, etc.) by such playing."
strumstrum,n.,Echoic reduplication.,A rude stringed instrument.
suffet,v.,? Imitative.,"To beat, strike, esp. with the hand; to thump, cuff, knock about."
sugh,v.,Probably an onomatopoeic formation.,To sigh.
sum,v.,Echoic.,To hum softly.
sumph,n.,Echoic.,The sound of something heavy and limp falling.
sussing,n.,Echoic.,The ‘spitting’ of a cat.
suther,v.,Imitative.,"To sigh, sough."
swack,n.,Echoic.,"A hard blow; a whack, bang."
swack,v.,Echoic.,"To fling, dash; to brandish (a sword)."
swap /swop,v.,Probably of echoic origin.,"To strike, hit, smite (occasionally used of kissing)."
swash,v.,Echoic.,To dash or cast violently.
swash,"adv., int., n.","Imitative of the sound of splashing or agitated water, or of a resounding blow.",Expressive of the fall of a heavy body or blow: with a crash.
swatter/switter,v.,Echoic.,To flutter and splash in water like ducks or geese; to splash water about or splash about in water.
swee,n.,Echoic.,"A South African species of waxbill (Estrilda dufresnii), so called from its note."
sweet,v.,Echoic.,"To pipe, chirp, or twitter, as a bird."
swilk,v.,Echoic.,"To splash or dash about, as liquid."
swish,v.,Imitative.,To move with a swish.
swish,"adv., n.",Imitative.,Expressive of the sound made by a slender object moved rapidly through the air.
swoosh,v.,Imitative.,To make a noise expressed by the syllable ‘swoosh’.
tack,n.,Echoic.,The sound of a smart stroke.
ta-da,int.,"Imitative of the sound of the musical flourish or fanfare (composed of one short note followed by one long note) which often accompanies an entrance, trick, etc., in various kinds of performance.","Used to accompany or draw attention to a dramatic entrance, announcement, etc."
tam-tam,n.,Echoic.,"A metal gong of oriental origin, spec. a Chinese gong, now used in western orchestras."
tang,v.,Mainly echoic.,To strike (a bell or the like) so as to cause it to emit a sharp loud ringing note.
tank,n.,Echoic.,"A blow, a knock."
tantara,"int., n.",Echoic.,"Imitative of the sound of a flourish blown on a trumpet, or sometimes of a drum."
tantivy,"adv., n., adj., int.","Origin obscure: ? echoic, representing the sound of a horse’s feet.",At full gallop; swiftly; headlong.
tarara/taratantara,n.,Echoic.,"Aword imitating, and hence denoting, the sound of a trumpet or bugle."
tat,v.,"Origin uncertain: ? echoic; compare tap, pat.","To touch lightly, pat, tap."
tcha/tchah,int.,Imitative.,An exclamation of impatience or contempt.
teeack,n.,Echoic.,"Awell-known bird of the plover family, Vanellus vulgaris or cristatus, common in the temperate parts of the Old World."
teedle,v.,? Echoic.,To sing (a tune) without words; to hum.
tee-hee,"int., n.",Imitative.,"A representation of the sound of a light laugh, usually derisive."
tewhit/tewit,n.,Originally echoic; see peewit.,The common lapwing or pewit.
thrip,v.,Apparently echoic.,To make a noise with thumb and finger which resembles the whispering of ‘thrip’ or ‘flip’.
throb,v.,"Apparently imitative of a thudding, pulsing sound.","To beat or pulsate with more than usual force or rapidity, esp. as the result of strong emotion or excitement; to palpitate, pound."
throb-throb,"int., n.",Imitative of a repeated throbbing or pulsing sound.,Representing a repeated throbbing sound or sensation.
thrum,n.,Echoic.,"An echoic word representing various sounds, esp. the tones produced by ‘thrumming’ a guitar or similar instrument."
thrum,v.,Echoic.,"To play on a stringed instrument, as a guitar, harp, etc., by plucking the strings."
thrump,n.,Echoic.,"The sound of a blow, heavy fall or beat, etc."
thuck,n.,Echoic.,"The sound of a missile, as an arrow, bullet, etc., hitting a target."
thung,n.,Echoic.,"A dull heavy sound, as of a blow with the fist, but with some resonance."
thunge,n.,Echoic.,"A loud, hollow sound’; ‘a heavy blow or fall producing such a sound’."
thunk,n.,Onomatopoeic.,"A sound of an impact, either dull or plangent."
thutter,v.,Echoic.,To make the sputtering or shaking sound suggested by the word.
thwack,v.,Echoic.,"To beat or strike vigorously, as with a stick; to bang, thrash, whack."
tick,n.,Echoic.,A local name of the whinchat.
tickle-ace,n.,Perhaps imitative of the bird’s cry.,The kittiwake.
tick-tack,n.,Echoic.,"An imitation of a reduplicated or alternating ticking sound, esp. that made by a clock."
tick-tick,n.,Echoic.,"An imitation of the ticking of a clock or watch, or a similar sound."
tick-tock,n.,Echoic.,"An imitation of the ticking of a clock, esp. the slow ticking of a large clock."
tiddly-om-pom-pom,n.,Imitative.,Representing the sound or regular beat of brass-band or similar music.
tiffle/tifle,v.,Apparently onomatopoeic.,"To disorder, disarrange, entangle, ravel."
tik,n.,Origin uncertain. Perhaps imitative of the distinctive popping sound made when the drug in crystal form is lit and smoked.,The drug methamphetamine.
ting,v.,Echoic.,To cause (a small bell or the like) to emit a ringing note.
ting-tang,n.,Echoic.,"A succession of two ringing sounds, differing in tone or force."
tink,v.,Echoic.,"To emit a metallic sound with very short resonance, e.g. as is done by a cracked bell."
tink,"int., n.",Echoic.,A representation of the abrupt sound made by striking resonant metal with something hard and light.
tiralee,n.,Echoic.,The note of the lark.
tirra-lirra,n.,Echoic.,"A representation of the note of the skylark, or of a similar sound uttered as an exclamation of delight or gaiety."
tit,n.,Apparently of onomatopoeic origin.,"A name for a horse small of kind, or not full grown."
tit,v.,"Apparently an onomatopoeic match to tat, the lighter vowel expressing lighter action and sound.","To strike or tap lightly, pat, tip."
titter,v.,Apparently echoic.,"To laugh in a suppressed or covert way (often as a result of nervousness, or in affectation or ridicule)."
tittup,n.,"Apparently echoic, from the sound of the horse’s feet.",A horse’s canter; a hand-gallop.
tock,n.,Echoic.,"A short, hollow sound, deeper and more resonant than a tick, as of a cricket bat striking the ball."
tock,v.,Echoic.,"To make a sound similar to tick, but slightly lower and therefore more resonant."
tong,n.,Echoic.,"A deep ringing sound produced by a stroke on a large bell, deeper than that denoted by tang, but sharper than that denoted by dong."
tonk,n.,Echoic.,"A powerful hit or stroke, esp. with a bat (or racket)."
tonk,v.,Echoic.,To strike.
toodle,v.,Echoic.,To hum or sing in a low tone (as to a baby).
too-too,v.,Echoic.,To make an instrumental or vocal sound resembling these syllables.
tottle,v.,Apparently onomatopoeic.,"To move and bubble, as a boiling liquid."
towl,v.,Imitative.,To yowl.
trongle,v.,Echoic.,A ringing or tingling in the ears.
tucktoo,n.,Echoic.,Name in Burma (Myanmar) for a large house lizard.
tuff,v.,Echoic.,To make a short explosive sound with the breath.
tuffle,v.,Apparently onomatopoeic.,"To put into disorder, ruffle, rumple; to entangle, ravel."
tuh,int.,Imitative.,An ejaculation expressing disgust or disdain.
tum,"v., n.",Echoic.,"To produce the sound made by plucking a tense string, as in a musical instrument, or by striking a drum, or the like."
tump-tump,n.,Echoic.,"A short sound as of water slopping without splashing, or a large ball being kicked."
turr,n.,Probably imitative.,"Any of various guillemots and other auks, esp. the razorbill, Alca torda."
tur-turring,n.,Echoic.,"An imitation of the cooing of a dove, used to designate the action or sound."
"tu-whit, tu-whoo","int., n.",Imitative.,An imitation of the call of an owl.
twang,n.,Echoic.,A vocal imitation of the resonant sound produced when a tense string is sharply plucked or suddenly released.
twang,v.,Echoic.,"To give forth a ringing note, as a tense string or a stringed instrument when plucked; to clang."
twank,v.,Echoic.,To twang with short and sharp effect.
twee,"n., int.",Echoic.,"An imitation of the sound of a horn, and also of the notes of some birds."
tweedle,v.,Apparently echoic.,Of a musical instrument or one who plays it: To produce a succession of shrill modulated sounds.
tweek,n.,Echoic.,"A type of whistler which is heard as a short, high-pitched chirruping noise."
tweet,v.,Imitative.,"Of a bird: to communicate (something) with a brief high-pitched sound or call, or a series of such sounds."
tweet,"int., n.",Imitative.,Representing a brief high-pitched sound or call as made by a small bird.
twingle,v.,Probably imitative.,"To twist, twine, wriggle, writhe."
twink,n.,Echoic.,A local name for the chaffinch.
twink,v.,Echoic.,"To make a light clear abrupt ringing sound; to clink, chink."
twinkle,v.,Echoic.,To flow or move with a tinkling sound.
twirl,v.,Of obscure origin: perhaps merely imitative.,"To rotate rapidly, to spin; to be whirled round or about."
twite,n.,"Imitative, from the note of the bird.","A species of linnet, Linota flavirostris or L. montium, found in hilly and moorland districts in the northern parts of Britain and in Scandinavia."
twitter,v.,Of imitative origin.,Of a bird: To utter a succession of light tremulous notes; to chirp continuously with a tremulous effect.
twizzle,v.,Apparently an imitative formation.,"To rotate rapidly, spin, twirl."
ugh,"int., n.",Imitative.,A representation of an inarticulate sound of the nature of a hollow cough.
uh,int.,Imitative.,"A representation of an inarticulate sound, such as that produced in coughing."
uh-huh,adv.,Imitative.,"A spoken affirmative or non-committal response to a question or remark; ‘yes’, ‘oh yes?’"
uh-uh,adv.,Imitative.,A spoken negative response to a question or remark; ‘no’.
ululu,n.,Imitative.,A wailing cry; a wail of lamentation.
um,int.,Imitative.,Used to indicate hesitating or inarticulate utterance on the part of a speaker.
umph,int.,Imitative.,"An inarticulate sound, expressive of hesitation, doubt, or dissatisfaction."
ur,n.,Echoic.,"An inarticulate sound, uttered instead of a word that the speaker is unable to remember or bring out."
veery,n.,? Imitative.,"A North American thrush (Hylocichla fuscescens), also called tawny and Wilson’s thrush."
voom,int.,Echoic.,Indicating the sound of an explosion.
vroom,n.,Echoic.,The roaring noise of a motor vehicle accelerating or travelling at speed.
waff,v.,Echoic.,"Of a dog, esp. of a puppy: to yelp."
wahey,int.,Imitative.,An exclamation expressing delight or exhilaration.
wah-wah,n.,Echoic.,A musical effect achieved on brass instruments by manipulation of a mute and on an electric guitar by means of a pedal controlling output from the amplifier.
wap,v.,Echoic.,To bark.
waul/wawl,v.,? Echoic.,To utter the loud harsh cry characteristic of cats or of new-born babies.
waw,v.,Echoic.,To cry as a cat or utter a similar sound.
way,int.,Imitative.,Used as a command to a horse (or occasionally to a person) to make it stop or slow down.
wee,v.,Echoic.,To urinate.
week,int.,Imitative.,"Representing a short high-pitched sound, esp. as made by a pig."
weet,"int., v.",Echoic.,An imitation of the cry of certain small birds.
weet-weet,"int., n.",Echoic.,"An imitation of the cry of certain birds, esp. the sandpiper and chaffinch."
wee-wee,v.,Echoic.,To urinate.
wehee,"int., n.",Echoic.,A conventional representation of the sound uttered by horses.
whack,n.,? Echoic.,A vigorous stroke with a stick or the like; a heavy resounding blow; also the sound of this.
wham,n.,Echoic.,"A heavy blow; the sound of a heavy blow (or of an explosion, etc.)."
wham,v.,Echoic.,"To strike violently; to propel with great force, by hitting, throwing, kicking, etc."
whang,n.,Echoic.,"A resounding blow or stroke, or the sound of such a blow; a bang."
wharl,v.,Imitative.,To pronounce the letter r with a burr or guttural sound.
wheak,v.,Imitative.,"To squeak, whine."
whee,int.,Echoic.,"An exclamation of joy, exhilaration, astonishment, etc."
wheech,v.,Echoic.,"To move quickly, esp. through or as if through the air; to whizz; to rush or dash."
wheep,n.,Echoic.,A long-drawn sound of a steel weapon drawn from its sheath.
wheep/wheeple,v.,Imitative.,"To utter a somewhat protracted shrill cry, like the curlew or plover."
wheetle,v.,Imitative.,To whistle shrilly.
wherret,n.,? Echoic.,A sharp blow; esp. a box on the ear or slap on the face.
whew,n.,Echoic.,"A musical instrument, a pipe."
whew,v.,Echoic.,To whistle; to make a whistling or rustling noise.
whewl,v.,Echoic.,"To cry plaintively, moan, whine, howl."
whick,v.,Imitative.,"To squeak, as a pig."
whicker,v.,Imitative.,"To utter a half-suppressed laugh; to snigger, titter."
whimp,v.,Echoic.,To whimper.
whimper,v.,Echoic.,"To utter a feeble, whining, broken cry, as a child about to burst into tears."
whing,v.,Onomatopoeic.,To move with great force or impetus.
whing,"int., n.",Imitative.,A word expressing a high-pitched ringing sound.
whinny/whrinny,v.,Imitative.,"Of a horse: To neigh, esp. in a low or gentle way."
whip-poor-will,n.,"Echoic, from the bird’s note.","Popular name in U.S. and Canada for a species of Goatsucker, Antrostomus (Caprimulgus) vociferus."
whip-tom-kelly,n.,"Imitative, from the bird’s note.","Popular name for the red-eyed greenlet or ‘flycatcher’ of eastern N. America, and the black-whiskered greenlet of the W. Indies, Bahamas, and Florida."
whish,n.,Imitative.,"A soft sibilant sound, as that of something moving rapidly through the air or over the surface of water."
whisp,n.,Echoic.,A slight blast or puff (of wind) or sprinkle (of rain).
whiss,v.,Echoic.,To make a sibilant sound of some kind.
whist,n.,Imitative.,"A whistling sound, a whistle."
whist,v.,Imitative.,"To whisper, murmur."
whit,"int., n.",Imitative.,"Expressing a shrill abrupt sound, as a bird’s chirp, the whistling of a flying bullet, etc."
whitter,n.,Imitative.,"A talkative person, a chatterer."
whiz/whizz,v.,Echoic.,To make a sound as of a body rushing through the air.
whomp,n.,Echoic.,"A heavy, low sound."
whoofle,v.,Echoic.,"To make a snorting, gurgling, or snuffling sound."
whoom,v.,Echoic.,To make a resonant booming or rushing sound.
whoompf,"int., n.",Echoic.,"(Expressing) a sudden, violent rushing sound, as when a quantity of flammable material bursts into flame."
whoosh,v.,Imitative.,"To utter or emit a dull soft sibilant sound, like that of something rushing through the air; to move rapidly with a rushing sound."
whorr,v.,Echoic.,"To coo, as a dove."
whowse,v.,Echoic.,To make a rushing noise.
whuff,v.,Imitative.,To make a sound as of a forcible blast of breath or wind.
whump,"n., int.",Echoic.,"A dull thudding sound, as of a body landing heavily."
whunk,n.,Echoic.,"A dull hollow sound, as of a bullet striking something."
whurl,v.,Imitative.,"To make a roaring or rumbling noise; to purr, as a cat."
whush,v.,Imitative.,"To make a soft rushing sound, as wind, flowing water, waves, etc."
whute,v.,Imitative.,To whistle.
whutter,n.,Imitative.,The sound of the flapping of the wings of a large bird or a flight of birds.
widdly,adj.,Imitative of the sound of an electric guitar.,"Of music or its performance (esp. the playing of an electric guitar): showy, over-elaborate."
wift,v.,Probably imitative.,To turn aside; to go astray.
wim(m)ick,v.,Imitative.,To cry.
wishtonwish,n.,"Imitative, from the cry of the animal.",Native name for the prairie dog of N. America.
wlite,v.,? Imitative.,"To pipe, chirp, warble."
wompoo,n.,Imitative of the bird’s distinct call.,"A large, tropical Australasian fruit dove, Ptilinopus magnificus, with predominantly green plumage, pale grey head, purple breast, and yellow abdomen, and having a deep bubbling call."
woof,"int., n.",Imitative.,Imitation of a gruff abrupt bark of a dog.
woomph,int.,Imitative.,(Expressing) a sound similar to a ‘whoof’ but with a deeper or more resonant component.
wough,n.,Imitative.,The bark of a dog or other animal.
woul,v.,Imitative.,"To howl, cry, wail."
wow,n.,Imitative.,A bark or similar sound.
wow,v.,Imitative.,"To howl, to waul."
wowl,v.,Imitative.,To howl.
wow-wow,n.,Imitative.,A bird of Guyana.
wrag,v.,Of imitative origin.,To struggle or strive; to resist.
wratling,adj.,Imitative.,Speaking with much difficulty.
wrawl,v.,Imitative.,"To utter an inarticulate noise or sound; to bawl, squall."
wrele,v.,? Of imitative origin.,To struggle or move about writhingly.
wrough,int.,Imitative.,Used to represent the snort or grunt of a hog or pig.
wuff,n.,Echoic.,"A low, suppressed bark of a dog."
wumph,n.,Echoic.,"A sudden deep sound, as of the impact of a soft, heavy object."
yackety,int.,Echoic.,Expressing the sound of incessant chatter.
yada-yada,"int., n.","Imitative of the sound of human speech, probably influenced by (or perhaps an alteration of) yatter (n.).",Indicating (usually dismissively) that further details are predictable or evident from what has preceded.
yaff,v.,Echoic.,"To bark, yelp; also, to prate, nag."
yaffingale,n.,Various echoic syllables with termination modelled on nightingale.,The green woodpecker.
yaffle,n.,Echoic of the laughing cry of the bird.,The green woodpecker.
yaffle,v.,Echoic.,"To bark sharply, as a dog; to yelp."
yah,int.,Echoic.,"An exclamation of disgust, aversion, or malicious defiance."
yahoo,int.,Probably echoic.,"An exclamation of excitement, exultation, or delight."
yamph,v.,Echoic.,"To bark, as a dog, esp. a small dog; to yelp."
yap,n.,Echoic.,A dog that yaps; a yelping cur.
yap,v.,Echoic.,"To bark sharply, as a small dog; to yelp."
yarr,v.,Imitative.,"To snarl or growl, as or like a dog."
yarwhelp,n.,? Imitative of the goat-like cry of the godwit.,The bar-tailed godwit (Limosa lapponica or rufa) and the black-tailed godwit (Latin ægocephala or melanura).
yatter,v.,Imitative.,"To talk idly and incessantly; to chatter, or gossip; to gabble; to complain peevishly."
yaw-haw,v.,Echoic.,To laugh rudely or noisily.
yawp/yaup,v.,Echoic.,"To shout or exclaim hoarsely; to yelp, as a dog; to cry harshly or querulously, as a bird."
yech/yuck,int.,Imitative.,An expression of strong distaste or disgust.
yeep,v.,Imitative.,To cheep.
yeow,int.,Imitative.,An imitation of the howl of a wolf or cat.
yeuch,int.,Imitative.,Used as an emphatic expression of disgust or distaste.
yikker,v.,Echoic.,"Of a bird or other animal: to make repeated short, sharp cries."
yip,n.,Echoic.,"A short high-pitched cry, as from a dog; a shout, an exclamation; a complaint, an expostulation."
yip,v.,Echoic.,"To cheep, as a young bird."
yo,"int., n.",Imitative.,"An exclamation used to attract attention, to express warning, surprise, etc., or to incite or encourage action; hey!"
yoax,int.,Imitative.,A call or cry used to urge on hounds.
yock,n.,Probably imitative.,"A laugh, esp. a loud or hearty one; a burst of laughter."
yock,v.,Probably imitative.,"To laugh, esp. loudly or uproariously."
yoff,v.,Imitative.,To make a sound resembling the grunt of a pig.
yoi,int.,Imitative.,A cry used to urge on or encourage hounds.
yoick,"int., n.",Imitative.,A call or cry used to urge on hounds.
yoicks,"int., n.",Imitative.,A call or cry used to urge on hounds.
yolp,v.,Imitative of the sound of swallowing.,"To swallow greedily, hastily, or in large mouthfuls; to gulp."
yolp,int.,Imitative.,"Representing a harsh, high-pitched bark or cry characteristic of dogs and some other animals."
youf,v.,Echoic.,"To bark, esp. in a suppressed manner."
yow,int.,Imitative.,An exclamation of vague meaning.
yowf,n.,Echoic.,A smart swingeing blow.
yuck,v.,Imitative.,To vomit.
yuck,"n., adj.",Imitative.,An expression of strong distaste or disgust.
yum,int.,Echoic.,"An exclamation of pleasurable anticipation, with implication of sensual or gustatory satisfaction."
zap,v.,Echoic.,"To kill, esp. with a gun; to deal a sudden blow to."
zap,int.,Echoic.,"Used to represent the sound of a ray gun, laser, bullet, etc."
zhoosh,v.,Probably imitative.,"Originally among homosexual men: to make more stylish or smart; to enliven, make more exciting."
zing,n.,Echoic.,"A sharp, high-pitched ringing sound; a twang."
zing /zingo,int.,Echoic.,Representing the sudden advent of a new situation or emotion.
zip,n.,Imitative.,"A syllable expressing a light sharp sound such as that produced by a bullet or other small or slender object passing rapidly through the air or through some obstacle, or by the tearing of canvas or the like."
zizz,n.,Imitative.,The noise made by the rapid motion of a wheel.
zonk,int.,Echoic.,"Representing the sound of a blow or heavy impact, used to indicate finality."
zoom,v.,Imitative.,"To move or travel very quickly, esp. making a continuous humming, buzzing, or droning sound."
zoom,int.,Imitative.,"Representing a zooming sound, as made by something travelling at speed."
zoon,v.,Imitative.,"To make a humming, buzzing, or droning sound."
zoon,int.,Imitative.,"Representing a buzzing, humming, or droning sound."