index,ipa,alphabet
0,lili,leelee
1,lilej,leelaye
2,lilow,leelow
3,limi,leemee
4,limej,leemaye
5,limow,leemow
6,lini,leenee
7,linej,leenaye
8,linow,leenow
9,livi,leevee
10,livej,leevaye
11,livow,leevow
12,liði,leethey
13,liðej,lee-they
14,liðow,lee-though
15,lizi,leezee
16,lizej,leezaye
17,lizow,leezow
18,lifi,leefee
19,lifej,leefaye
20,lifow,leefow
21,lisi,leesee
22,lisej,leesaye
23,lisow,leesow
24,liʃi,leeshee
25,liʃej,leeshaye
26,liʃow,leeshow
27,libi,leebee
28,libej,leebaye
29,libow,leebow
30,lidi,leedee
31,lidej,leedaye
32,lidow,leedow
33,liɡi,leeggee
34,liɡej,leegaye
35,liɡow,leegow
36,lipi,leepee
37,lipej,leepaye
38,lipow,leepow
39,liti,leetee
40,litej,leetaye
41,litow,leetow
42,liki,leekee
43,likej,leekaye
44,likow,leeko
45,lejli,laylee
46,lejlej,laylaye
47,lejlow,laylow
48,lejmi,laymee
49,lejmej,laymaye
50,lejmow,laymow
51,lejni,laynee
52,lejnej,laynaye
53,lejnow,laynow
54,lejvi,layvee
55,lejvej,layvaye
56,lejvow,layvow
57,lejði,laythey
58,lejðej,lay-they
59,lejðow,lay-though
60,lejzi,layzee
61,lejzej,layzaye
62,lejzow,layzow
63,lejfi,layfee
64,lejfej,layfaye
65,lejfow,layfow
66,lejsi,laysee
67,lejsej,laysaye
68,lejsow,laysow
69,lejʃi,layshee
70,lejʃej,layshaye
71,lejʃow,layshow
72,lejbi,laybee
73,lejbej,laybaye
74,lejbow,laybow
75,lejdi,laydee
76,lejdej,laydaye
77,lejdow,laydow
78,lejɡi,layggee
79,lejɡej,laygaye
80,lejɡow,laygow
81,lejpi,laypee
82,lejpej,laypaye
83,lejpow,laypow
84,lejti,laytee
85,lejtej,laytaye
86,lejtow,laytow
87,lejki,laykee
88,lejkej,laykaye
89,lejkow,layko
90,lɑli,lahlee
91,lɑlej,lahlaye
92,lɑlow,lahlow
93,lɑmi,lahmee
94,lɑmej,lahmaye
95,lɑmow,lahmow
96,lɑni,lahnee
97,lɑnej,lahnaye
98,lɑnow,lahnow
99,lɑvi,lahvee
100,lɑvej,lahvaye
101,lɑvow,lahvow
102,lɑði,lahthey
103,lɑðej,lah-they
104,lɑðow,lah-though
105,lɑzi,lahzee
106,lɑzej,lahzaye
107,lɑzow,lahzow
108,lɑfi,lahfee
109,lɑfej,lahfaye
110,lɑfow,lahfow
111,lɑsi,lahsee
112,lɑsej,lahsaye
113,lɑsow,lahsow
114,lɑʃi,lahshee
115,lɑʃej,lahshaye
116,lɑʃow,lahshow
117,lɑbi,lahbee
118,lɑbej,lahbaye
119,lɑbow,lahbow
120,lɑdi,lahdee
121,lɑdej,lahdaye
122,lɑdow,lahdow
123,lɑɡi,lahggee
124,lɑɡej,lahgaye
125,lɑɡow,lahgow
126,lɑpi,lahpee
127,lɑpej,lahpaye
128,lɑpow,lahpow
129,lɑti,lahtee
130,lɑtej,lahtaye
131,lɑtow,lahtow
132,lɑki,lahkee
133,lɑkej,lahkaye
134,lɑkow,lahko
135,lowli,loelee
136,lowlej,loelaye
137,lowlow,loelow
138,lowmi,loemee
139,lowmej,loemaye
140,lowmow,loemow
141,lowni,loanee
142,lownej,loanaye
143,lownow,loanow
144,lowvi,loevee
145,lowvej,loevaye
146,lowvow,loevow
147,lowði,loethey
148,lowðej,loe-they
149,lowðow,loe-though
150,lowzi,loezee
151,lowzej,loezaye
152,lowzow,loezow
153,lowfi,loefee
154,lowfej,loefaye
155,lowfow,loefow
156,lowsi,loesee
157,lowsej,loesaye
158,lowsow,loesow
159,lowʃi,loeshee
160,lowʃej,loeshaye
161,lowʃow,loeshow
162,lowbi,loebee
163,lowbej,loebaye
164,lowbow,loebow
165,lowdi,loedee
166,lowdej,loedaye
167,lowdow,loedow
168,lowɡi,loeggee
169,lowɡej,loegaye
170,lowɡow,loegow
171,lowpi,loepee
172,lowpej,loepaye
173,lowpow,loepow
174,lowti,loetee
175,lowtej,loetaye
176,lowtow,loetow
177,lowki,loekee
178,lowkej,loekaye
179,lowkow,loeko
180,mili,meelee
181,milej,meelaye
182,milow,meelow
183,mimi,meemee
184,mimej,meemaye
185,mimow,meemow
186,mini,meenee
187,minej,meenaye
188,minow,meenow
189,mivi,meevee
190,mivej,meevaye
191,mivow,meevow
192,miði,meethey
193,miðej,mee-they
194,miðow,mee-though
195,mizi,meezee
196,mizej,meezaye
197,mizow,meezow
198,mifi,meefee
199,mifej,meefaye
200,mifow,meefow
201,misi,meesee
202,misej,meesaye
203,misow,meesow
204,miʃi,meeshee
205,miʃej,meeshaye
206,miʃow,meeshow
207,mibi,meebee
208,mibej,meebaye
209,mibow,meebow
210,midi,meedee
211,midej,meedaye
212,midow,meedow
213,miɡi,meeggee
214,miɡej,meegaye
215,miɡow,meegow
216,mipi,meepee
217,mipej,meepaye
218,mipow,meepow
219,miti,meetee
220,mitej,meetaye
221,mitow,meetow
222,miki,meekee
223,mikej,meekaye
224,mikow,meeko
225,mejli,maylee
226,mejlej,maylaye
227,mejlow,maylow
228,mejmi,maymee
229,mejmej,maymaye
230,mejmow,maymow
231,mejni,maynee
232,mejnej,maynaye
233,mejnow,maynow
234,mejvi,mayvee
235,mejvej,mayvaye
236,mejvow,mayvow
237,mejði,maythey
238,mejðej,may-they
239,mejðow,may-though
240,mejzi,mayzee
241,mejzej,mayzaye
242,mejzow,mayzow
243,mejfi,mayfee
244,mejfej,mayfaye
245,mejfow,mayfow
246,mejsi,maysee
247,mejsej,maysaye
248,mejsow,maysow
249,mejʃi,mayshee
250,mejʃej,mayshaye
251,mejʃow,mayshow
252,mejbi,maybee
253,mejbej,maybaye
254,mejbow,maybow
255,mejdi,maydee
256,mejdej,maydaye
257,mejdow,maydow
258,mejɡi,mayggee
259,mejɡej,maygaye
260,mejɡow,maygow
261,mejpi,maypee
262,mejpej,maypaye
263,mejpow,maypow
264,mejti,maytee
265,mejtej,maytaye
266,mejtow,maytow
267,mejki,maykee
268,mejkej,maykaye
269,mejkow,mayko
270,mɑli,mahlee
271,mɑlej,mahlaye
272,mɑlow,mahlow
273,mɑmi,mahmee
274,mɑmej,mahmaye
275,mɑmow,mahmow
276,mɑni,mahnee
277,mɑnej,mahnaye
278,mɑnow,mahnow
279,mɑvi,mahvee
280,mɑvej,mahvaye
281,mɑvow,mahvow
282,mɑði,mahthey
283,mɑðej,mah-they
284,mɑðow,mah-though
285,mɑzi,mahzee
286,mɑzej,mahzaye
287,mɑzow,mahzow
288,mɑfi,mahfee
289,mɑfej,mahfaye
290,mɑfow,mahfow
291,mɑsi,mahsee
292,mɑsej,mahsaye
293,mɑsow,mahsow
294,mɑʃi,mahshee
295,mɑʃej,mahshaye
296,mɑʃow,mahshow
297,mɑbi,mahbee
298,mɑbej,mahbaye
299,mɑbow,mahbow
300,mɑdi,mahdee
301,mɑdej,mahdaye
302,mɑdow,mahdow
303,mɑɡi,mahggee
304,mɑɡej,mahgaye
305,mɑɡow,mahgow
306,mɑpi,mahpee
307,mɑpej,mahpaye
308,mɑpow,mahpow
309,mɑti,mahtee
310,mɑtej,mahtaye
311,mɑtow,mahtow
312,mɑki,mahkee
313,mɑkej,mahkaye
314,mɑkow,mahko
315,mowli,moelee
316,mowlej,moelaye
317,mowlow,moelow
318,mowmi,moemee
319,mowmej,moemaye
320,mowmow,moemow
321,mowni,moanee
322,mownej,moanaye
323,mownow,moanow
324,mowvi,moevee
325,mowvej,moevaye
326,mowvow,moevow
327,mowði,moethey
328,mowðej,moe-they
329,mowðow,moe-though
330,mowzi,moezee
331,mowzej,moezaye
332,mowzow,moezow
333,mowfi,moefee
334,mowfej,moefaye
335,mowfow,moefow
336,mowsi,moesee
337,mowsej,moesaye
338,mowsow,moesow
339,mowʃi,moeshee
340,mowʃej,moeshaye
341,mowʃow,moeshow
342,mowbi,moebee
343,mowbej,moebaye
344,mowbow,moebow
345,mowdi,moedee
346,mowdej,moedaye
347,mowdow,moedow
348,mowɡi,moeggee
349,mowɡej,moegaye
350,mowɡow,moegow
351,mowpi,moepee
352,mowpej,moepaye
353,mowpow,moepow
354,mowti,moetee
355,mowtej,moetaye
356,mowtow,moetow
357,mowki,moekee
358,mowkej,moekaye
359,mowkow,moeko
360,nili,neelee
361,nilej,neelaye
362,nilow,neelow
363,nimi,neemee
364,nimej,neemaye
365,nimow,neemow
366,nini,neenee
367,ninej,neenaye
368,ninow,neenow
369,nivi,neevee
370,nivej,neevaye
371,nivow,neevow
372,niði,neethey
373,niðej,nee-they
374,niðow,nee-though
375,nizi,neezee
376,nizej,neezaye
377,nizow,neezow
378,nifi,neefee
379,nifej,neefaye
380,nifow,neefow
381,nisi,neesee
382,nisej,neesaye
383,nisow,neesow
384,niʃi,neeshee
385,niʃej,neeshaye
386,niʃow,neeshow
387,nibi,neebee
388,nibej,neebaye
389,nibow,neebow
390,nidi,needee
391,nidej,needaye
392,nidow,needow
393,niɡi,neeggee
394,niɡej,neegaye
395,niɡow,neegow
396,nipi,neepee
397,nipej,neepaye
398,nipow,neepow
399,niti,neetee
400,nitej,neetaye
401,nitow,neetow
402,niki,neekee
403,nikej,neekaye
404,nikow,neeko
405,nejli,naylee
406,nejlej,naylaye
407,nejlow,naylow
408,nejmi,naymee
409,nejmej,naymaye
410,nejmow,naymow
411,nejni,naynee
412,nejnej,naynaye
413,nejnow,naynow
414,nejvi,nayvee
415,nejvej,nayvaye
416,nejvow,nayvow
417,nejði,naythey
418,nejðej,nay-they
419,nejðow,nay-though
420,nejzi,nayzee
421,nejzej,nayzaye
422,nejzow,nayzow
423,nejfi,nayfee
424,nejfej,nayfaye
425,nejfow,nayfow
426,nejsi,naysee
427,nejsej,naysaye
428,nejsow,naysow
429,nejʃi,nayshee
430,nejʃej,nayshaye
431,nejʃow,nayshow
432,nejbi,naybee
433,nejbej,naybaye
434,nejbow,naybow
435,nejdi,naydee
436,nejdej,naydaye
437,nejdow,naydow
438,nejɡi,nayggee
439,nejɡej,naygaye
440,nejɡow,naygow
441,nejpi,naypee
442,nejpej,naypaye
443,nejpow,naypow
444,nejti,naytee
445,nejtej,naytaye
446,nejtow,naytow
447,nejki,naykee
448,nejkej,naykaye
449,nejkow,nayko
450,nɑli,nahlee
451,nɑlej,nahlaye
452,nɑlow,nahlow
453,nɑmi,nahmee
454,nɑmej,nahmaye
455,nɑmow,nahmow
456,nɑni,nahnee
457,nɑnej,nahnaye
458,nɑnow,nahnow
459,nɑvi,nahvee
460,nɑvej,nahvaye
461,nɑvow,nahvow
462,nɑði,nahthey
463,nɑðej,nah-they
464,nɑðow,nah-though
465,nɑzi,nahzee
466,nɑzej,nahzaye
467,nɑzow,nahzow
468,nɑfi,nahfee
469,nɑfej,nahfaye
470,nɑfow,nahfow
471,nɑsi,nahsee
472,nɑsej,nahsaye
473,nɑsow,nahsow
474,nɑʃi,nahshee
475,nɑʃej,nahshaye
476,nɑʃow,nahshow
477,nɑbi,nahbee
478,nɑbej,nahbaye
479,nɑbow,nahbow
480,nɑdi,nahdee
481,nɑdej,nahdaye
482,nɑdow,nahdow
483,nɑɡi,nahggee
484,nɑɡej,nahgaye
485,nɑɡow,nahgow
486,nɑpi,nahpee
487,nɑpej,nahpaye
488,nɑpow,nahpow
489,nɑti,nahtee
490,nɑtej,nahtaye
491,nɑtow,nahtow
492,nɑki,nahkee
493,nɑkej,nahkaye
494,nɑkow,nahko
495,nowli,noelee
496,nowlej,noelaye
497,nowlow,noelow
498,nowmi,noemee
499,nowmej,noemaye
500,nowmow,noemow
501,nowni,noanee
502,nownej,noanaye
503,nownow,noanow
504,nowvi,noevee
505,nowvej,noevaye
506,nowvow,noevow
507,nowði,noethey
508,nowðej,noe-they
509,nowðow,noe-though
510,nowzi,noezee
511,nowzej,noezaye
512,nowzow,noezow
513,nowfi,noefee
514,nowfej,noefaye
515,nowfow,noefow
516,nowsi,noesee
517,nowsej,noesaye
518,nowsow,noesow
519,nowʃi,noeshee
520,nowʃej,noeshaye
521,nowʃow,noeshow
522,nowbi,noebee
523,nowbej,noebaye
524,nowbow,noebow
525,nowdi,noedee
526,nowdej,noedaye
527,nowdow,noedow
528,nowɡi,noeggee
529,nowɡej,noegaye
530,nowɡow,noegow
531,nowpi,noepee
532,nowpej,noepaye
533,nowpow,noepow
534,nowti,noetee
535,nowtej,noetaye
536,nowtow,noetow
537,nowki,noekee
538,nowkej,noekaye
539,nowkow,noeko
540,vili,veelee
541,vilej,veelaye
542,vilow,veelow
543,vimi,veemee
544,vimej,veemaye
545,vimow,veemow
546,vini,veenee
547,vinej,veenaye
548,vinow,veenow
549,vivi,veevee
550,vivej,veevaye
551,vivow,veevow
552,viði,veethey
553,viðej,vee-they
554,viðow,vee-though
555,vizi,veezee
556,vizej,veezaye
557,vizow,veezow
558,vifi,veefee
559,vifej,veefaye
560,vifow,veefow
561,visi,veesee
562,visej,veesaye
563,visow,veesow
564,viʃi,veeshee
565,viʃej,veeshaye
566,viʃow,veeshow
567,vibi,veebee
568,vibej,veebaye
569,vibow,veebow
570,vidi,veedee
571,videj,veedaye
572,vidow,veedow
573,viɡi,veeggee
574,viɡej,veegaye
575,viɡow,veegow
576,vipi,veepee
577,vipej,veepaye
578,vipow,veepow
579,viti,veetee
580,vitej,veetaye
581,vitow,veetow
582,viki,veekee
583,vikej,veekaye
584,vikow,veeko
585,vejli,vaylee
586,vejlej,vaylaye
587,vejlow,vaylow
588,vejmi,vaymee
589,vejmej,vaymaye
590,vejmow,vaymow
591,vejni,vaynee
592,vejnej,vaynaye
593,vejnow,vaynow
594,vejvi,vayvee
595,vejvej,vayvaye
596,vejvow,vayvow
597,vejði,vaythey
598,vejðej,vay-they
599,vejðow,vay-though
600,vejzi,vayzee
601,vejzej,vayzaye
602,vejzow,vayzow
603,vejfi,vayfee
604,vejfej,vayfaye
605,vejfow,vayfow
606,vejsi,vaysee
607,vejsej,vaysaye
608,vejsow,vaysow
609,vejʃi,vayshee
610,vejʃej,vayshaye
611,vejʃow,vayshow
612,vejbi,vaybee
613,vejbej,vaybaye
614,vejbow,vaybow
615,vejdi,vaydee
616,vejdej,vaydaye
617,vejdow,vaydow
618,vejɡi,vayggee
619,vejɡej,vaygaye
620,vejɡow,vaygow
621,vejpi,vaypee
622,vejpej,vaypaye
623,vejpow,vaypow
624,vejti,vaytee
625,vejtej,vaytaye
626,vejtow,vaytow
627,vejki,vaykee
628,vejkej,vaykaye
629,vejkow,vayko
630,vɑli,vahlee
631,vɑlej,vahlaye
632,vɑlow,vahlow
633,vɑmi,vahmee
634,vɑmej,vahmaye
635,vɑmow,vahmow
636,vɑni,vahnee
637,vɑnej,vahnaye
638,vɑnow,vahnow
639,vɑvi,vahvee
640,vɑvej,vahvaye
641,vɑvow,vahvow
642,vɑði,vahthey
643,vɑðej,vah-they
644,vɑðow,vah-though
645,vɑzi,vahzee
646,vɑzej,vahzaye
647,vɑzow,vahzow
648,vɑfi,vahfee
649,vɑfej,vahfaye
650,vɑfow,vahfow
651,vɑsi,vahsee
652,vɑsej,vahsaye
653,vɑsow,vahsow
654,vɑʃi,vahshee
655,vɑʃej,vahshaye
656,vɑʃow,vahshow
657,vɑbi,vahbee
658,vɑbej,vahbaye
659,vɑbow,vahbow
660,vɑdi,vahdee
661,vɑdej,vahdaye
662,vɑdow,vahdow
663,vɑɡi,vahggee
664,vɑɡej,vahgaye
665,vɑɡow,vahgow
666,vɑpi,vahpee
667,vɑpej,vahpaye
668,vɑpow,vahpow
669,vɑti,vahtee
670,vɑtej,vahtaye
671,vɑtow,vahtow
672,vɑki,vahkee
673,vɑkej,vahkaye
674,vɑkow,vahko
675,vowli,voelee
676,vowlej,voelaye
677,vowlow,voelow
678,vowmi,voemee
679,vowmej,voemaye
680,vowmow,voemow
681,vowni,voanee
682,vownej,voanaye
683,vownow,voanow
684,vowvi,voevee
685,vowvej,voevaye
686,vowvow,voevow
687,vowði,voethey
688,vowðej,voe-they
689,vowðow,voe-though
690,vowzi,voezee
691,vowzej,voezaye
692,vowzow,voezow
693,vowfi,voefee
694,vowfej,voefaye
695,vowfow,voefow
696,vowsi,voesee
697,vowsej,voesaye
698,vowsow,voesow
699,vowʃi,voeshee
700,vowʃej,voeshaye
701,vowʃow,voeshow
702,vowbi,voebee
703,vowbej,voebaye
704,vowbow,voebow
705,vowdi,voedee
706,vowdej,voedaye
707,vowdow,voedow
708,vowɡi,voeggee
709,vowɡej,voegaye
710,vowɡow,voegow
711,vowpi,voepee
712,vowpej,voepaye
713,vowpow,voepow
714,vowti,voetee
715,vowtej,voetaye
716,vowtow,voetow
717,vowki,voekee
718,vowkej,voekaye
719,vowkow,voeko
720,zili,zeelee
721,zilej,zeelaye
722,zilow,zeelow
723,zimi,zeemee
724,zimej,zeemaye
725,zimow,zeemow
726,zini,zeenee
727,zinej,zeenaye
728,zinow,zeenow
729,zivi,zeevee
730,zivej,zeevaye
731,zivow,zeevow
732,ziði,zeethey
733,ziðej,zee-they
734,ziðow,zee-though
735,zizi,zeezee
736,zizej,zeezaye
737,zizow,zeezow
738,zifi,zeefee
739,zifej,zeefaye
740,zifow,zeefow
741,zisi,zeesee
742,zisej,zeesaye
743,zisow,zeesow
744,ziʃi,zeeshee
745,ziʃej,zeeshaye
746,ziʃow,zeeshow
747,zibi,zeebee
748,zibej,zeebaye
749,zibow,zeebow
750,zidi,zeedee
751,zidej,zeedaye
752,zidow,zeedow
753,ziɡi,zeeggee
754,ziɡej,zeegaye
755,ziɡow,zeegow
756,zipi,zeepee
757,zipej,zeepaye
758,zipow,zeepow
759,ziti,zeetee
760,zitej,zeetaye
761,zitow,zeetow
762,ziki,zeekee
763,zikej,zeekaye
764,zikow,zeeko
765,zejli,zaylee
766,zejlej,zaylaye
767,zejlow,zaylow
768,zejmi,zaymee
769,zejmej,zaymaye
770,zejmow,zaymow
771,zejni,zaynee
772,zejnej,zaynaye
773,zejnow,zaynow
774,zejvi,zayvee
775,zejvej,zayvaye
776,zejvow,zayvow
777,zejði,zaythey
778,zejðej,zay-they
779,zejðow,zay-though
780,zejzi,zayzee
781,zejzej,zayzaye
782,zejzow,zayzow
783,zejfi,zayfee
784,zejfej,zayfaye
785,zejfow,zayfow
786,zejsi,zaysee
787,zejsej,zaysaye
788,zejsow,zaysow
789,zejʃi,zayshee
790,zejʃej,zayshaye
791,zejʃow,zayshow
792,zejbi,zaybee
793,zejbej,zaybaye
794,zejbow,zaybow
795,zejdi,zaydee
796,zejdej,zaydaye
797,zejdow,zaydow
798,zejɡi,zayggee
799,zejɡej,zaygaye
800,zejɡow,zaygow
801,zejpi,zaypee
802,zejpej,zaypaye
803,zejpow,zaypow
804,zejti,zaytee
805,zejtej,zaytaye
806,zejtow,zaytow
807,zejki,zaykee
808,zejkej,zaykaye
809,zejkow,zayko
810,zɑli,zahlee
811,zɑlej,zahlaye
812,zɑlow,zahlow
813,zɑmi,zahmee
814,zɑmej,zahmaye
815,zɑmow,zahmow
816,zɑni,zahnee
817,zɑnej,zahnaye
818,zɑnow,zahnow
819,zɑvi,zahvee
820,zɑvej,zahvaye
821,zɑvow,zahvow
822,zɑði,zahthey
823,zɑðej,zah-they
824,zɑðow,zah-though
825,zɑzi,zahzee
826,zɑzej,zahzaye
827,zɑzow,zahzow
828,zɑfi,zahfee
829,zɑfej,zahfaye
830,zɑfow,zahfow
831,zɑsi,zahsee
832,zɑsej,zahsaye
833,zɑsow,zahsow
834,zɑʃi,zahshee
835,zɑʃej,zahshaye
836,zɑʃow,zahshow
837,zɑbi,zahbee
838,zɑbej,zahbaye
839,zɑbow,zahbow
840,zɑdi,zahdee
841,zɑdej,zahdaye
842,zɑdow,zahdow
843,zɑɡi,zahggee
844,zɑɡej,zahgaye
845,zɑɡow,zahgow
846,zɑpi,zahpee
847,zɑpej,zahpaye
848,zɑpow,zahpow
849,zɑti,zahtee
850,zɑtej,zahtaye
851,zɑtow,zahtow
852,zɑki,zahkee
853,zɑkej,zahkaye
854,zɑkow,zahko
855,zowli,zoelee
856,zowlej,zoelaye
857,zowlow,zoelow
858,zowmi,zoemee
859,zowmej,zoemaye
860,zowmow,zoemow
861,zowni,zoanee
862,zownej,zoanaye
863,zownow,zoanow
864,zowvi,zoevee
865,zowvej,zoevaye
866,zowvow,zoevow
867,zowði,zoethey
868,zowðej,zoe-they
869,zowðow,zoe-though
870,zowzi,zoezee
871,zowzej,zoezaye
872,zowzow,zoezow
873,zowfi,zoefee
874,zowfej,zoefaye
875,zowfow,zoefow
876,zowsi,zoesee
877,zowsej,zoesaye
878,zowsow,zoesow
879,zowʃi,zoeshee
880,zowʃej,zoeshaye
881,zowʃow,zoeshow
882,zowbi,zoebee
883,zowbej,zoebaye
884,zowbow,zoebow
885,zowdi,zoedee
886,zowdej,zoedaye
887,zowdow,zoedow
888,zowɡi,zoeggee
889,zowɡej,zoegaye
890,zowɡow,zoegow
891,zowpi,zoepee
892,zowpej,zoepaye
893,zowpow,zoepow
894,zowti,zoetee
895,zowtej,zoetaye
896,zowtow,zoetow
897,zowki,zoekee
898,zowkej,zoekaye
899,zowkow,zoeko
900,fili,feelee
901,filej,feelaye
902,filow,feelow
903,fimi,feemee
904,fimej,feemaye
905,fimow,feemow
906,fini,feenee
907,finej,feenaye
908,finow,feenow
909,fivi,feevee
910,fivej,feevaye
911,fivow,feevow
912,fiði,feethey
913,fiðej,fee-they
914,fiðow,fee-though
915,fizi,feezee
916,fizej,feezaye
917,fizow,feezow
918,fifi,feefee
919,fifej,feefaye
920,fifow,feefow
921,fisi,feesee
922,fisej,feesaye
923,fisow,feesow
924,fiʃi,feeshee
925,fiʃej,feeshaye
926,fiʃow,feeshow
927,fibi,feebee
928,fibej,feebaye
929,fibow,feebow
930,fidi,feedee
931,fidej,feedaye
932,fidow,feedow
933,fiɡi,feeggee
934,fiɡej,feegaye
935,fiɡow,feegow
936,fipi,feepee
937,fipej,feepaye
938,fipow,feepow
939,fiti,feetee
940,fitej,feetaye
941,fitow,feetow
942,fiki,feekee
943,fikej,feekaye
944,fikow,feeko
945,fejli,faylee
946,fejlej,faylaye
947,fejlow,faylow
948,fejmi,faymee
949,fejmej,faymaye
950,fejmow,faymow
951,fejni,faynee
952,fejnej,faynaye
953,fejnow,faynow
954,fejvi,fayvee
955,fejvej,fayvaye
956,fejvow,fayvow
957,fejði,faythey
958,fejðej,fay-they
959,fejðow,fay-though
960,fejzi,fayzee
961,fejzej,fayzaye
962,fejzow,fayzow
963,fejfi,fayfee
964,fejfej,fayfaye
965,fejfow,fayfow
966,fejsi,faysee
967,fejsej,faysaye
968,fejsow,faysow
969,fejʃi,fayshee
970,fejʃej,fayshaye
971,fejʃow,fayshow
972,fejbi,faybee
973,fejbej,faybaye
974,fejbow,faybow
975,fejdi,faydee
976,fejdej,faydaye
977,fejdow,faydow
978,fejɡi,fayggee
979,fejɡej,faygaye
980,fejɡow,faygow
981,fejpi,faypee
982,fejpej,faypaye
983,fejpow,faypow
984,fejti,faytee
985,fejtej,faytaye
986,fejtow,faytow
987,fejki,faykee
988,fejkej,faykaye
989,fejkow,fayko
990,fɑli,fahlee
991,fɑlej,fahlaye
992,fɑlow,fahlow
993,fɑmi,fahmee
994,fɑmej,fahmaye
995,fɑmow,fahmow
996,fɑni,fahnee
997,fɑnej,fahnaye
998,fɑnow,fahnow
999,fɑvi,fahvee
1000,fɑvej,fahvaye
1001,fɑvow,fahvow
1002,fɑði,fahthey
1003,fɑðej,fah-they
1004,fɑðow,fah-though
1005,fɑzi,fahzee
1006,fɑzej,fahzaye
1007,fɑzow,fahzow
1008,fɑfi,fahfee
1009,fɑfej,fahfaye
1010,fɑfow,fahfow
1011,fɑsi,fahsee
1012,fɑsej,fahsaye
1013,fɑsow,fahsow
1014,fɑʃi,fahshee
1015,fɑʃej,fahshaye
1016,fɑʃow,fahshow
1017,fɑbi,fahbee
1018,fɑbej,fahbaye
1019,fɑbow,fahbow
1020,fɑdi,fahdee
1021,fɑdej,fahdaye
1022,fɑdow,fahdow
1023,fɑɡi,fahggee
1024,fɑɡej,fahgaye
1025,fɑɡow,fahgow
1026,fɑpi,fahpee
1027,fɑpej,fahpaye
1028,fɑpow,fahpow
1029,fɑti,fahtee
1030,fɑtej,fahtaye
1031,fɑtow,fahtow
1032,fɑki,fahkee
1033,fɑkej,fahkaye
1034,fɑkow,fahko
1035,fowli,foelee
1036,fowlej,foelaye
1037,fowlow,foelow
1038,fowmi,foemee
1039,fowmej,foemaye
1040,fowmow,foemow
1041,fowni,foanee
1042,fownej,foanaye
1043,fownow,foanow
1044,fowvi,foevee
1045,fowvej,foevaye
1046,fowvow,foevow
1047,fowði,foethey
1048,fowðej,foe-they
1049,fowðow,foe-though
1050,fowzi,foezee
1051,fowzej,foezaye
1052,fowzow,foezow
1053,fowfi,foefee
1054,fowfej,foefaye
1055,fowfow,foefow
1056,fowsi,foesee
1057,fowsej,foesaye
1058,fowsow,foesow
1059,fowʃi,foeshee
1060,fowʃej,foeshaye
1061,fowʃow,foeshow
1062,fowbi,foebee
1063,fowbej,foebaye
1064,fowbow,foebow
1065,fowdi,foedee
1066,fowdej,foedaye
1067,fowdow,foedow
1068,fowɡi,foeggee
1069,fowɡej,foegaye
1070,fowɡow,foegow
1071,fowpi,foepee
1072,fowpej,foepaye
1073,fowpow,foepow
1074,fowti,foetee
1075,fowtej,foetaye
1076,fowtow,foetow
1077,fowki,foekee
1078,fowkej,foekaye
1079,fowkow,foeko
1080,sili,seelee
1081,silej,seelaye
1082,silow,seelow
1083,simi,seemee
1084,simej,seemaye
1085,simow,seemow
1086,sini,seenee
1087,sinej,seenaye
1088,sinow,seenow
1089,sivi,seevee
1090,sivej,seevaye
1091,sivow,seevow
1092,siði,seethey
1093,siðej,see-they
1094,siðow,see-though
1095,sizi,seezee
1096,sizej,seezaye
1097,sizow,seezow
1098,sifi,seefee
1099,sifej,seefaye
1100,sifow,seefow
1101,sisi,seesee
1102,sisej,seesaye
1103,sisow,seesow
1104,siʃi,seeshee
1105,siʃej,seeshaye
1106,siʃow,seeshow
1107,sibi,seebee
1108,sibej,seebaye
1109,sibow,seebow
1110,sidi,seedee
1111,sidej,seedaye
1112,sidow,seedow
1113,siɡi,seeggee
1114,siɡej,seegaye
1115,siɡow,seegow
1116,sipi,seepee
1117,sipej,seepaye
1118,sipow,seepow
1119,siti,seetee
1120,sitej,seetaye
1121,sitow,seetow
1122,siki,seekee
1123,sikej,seekaye
1124,sikow,seeko
1125,sejli,saylee
1126,sejlej,saylaye
1127,sejlow,saylow
1128,sejmi,saymee
1129,sejmej,saymaye
1130,sejmow,saymow
1131,sejni,saynee
1132,sejnej,saynaye
1133,sejnow,saynow
1134,sejvi,sayvee
1135,sejvej,sayvaye
1136,sejvow,sayvow
1137,sejði,saythey
1138,sejðej,say-they
1139,sejðow,say-though
1140,sejzi,sayzee
1141,sejzej,sayzaye
1142,sejzow,sayzow
1143,sejfi,sayfee
1144,sejfej,sayfaye
1145,sejfow,sayfow
1146,sejsi,saysee
1147,sejsej,saysaye
1148,sejsow,saysow
1149,sejʃi,sayshee
1150,sejʃej,sayshaye
1151,sejʃow,sayshow
1152,sejbi,saybee
1153,sejbej,saybaye
1154,sejbow,saybow
1155,sejdi,saydee
1156,sejdej,saydaye
1157,sejdow,saydow
1158,sejɡi,sayggee
1159,sejɡej,saygaye
1160,sejɡow,saygow
1161,sejpi,saypee
1162,sejpej,saypaye
1163,sejpow,saypow
1164,sejti,saytee
1165,sejtej,saytaye
1166,sejtow,saytow
1167,sejki,saykee
1168,sejkej,saykaye
1169,sejkow,sayko
1170,sɑli,sahlee
1171,sɑlej,sahlaye
1172,sɑlow,sahlow
1173,sɑmi,sahmee
1174,sɑmej,sahmaye
1175,sɑmow,sahmow
1176,sɑni,sahnee
1177,sɑnej,sahnaye
1178,sɑnow,sahnow
1179,sɑvi,sahvee
1180,sɑvej,sahvaye
1181,sɑvow,sahvow
1182,sɑði,sahthey
1183,sɑðej,sah-they
1184,sɑðow,sah-though
1185,sɑzi,sahzee
1186,sɑzej,sahzaye
1187,sɑzow,sahzow
1188,sɑfi,sahfee
1189,sɑfej,sahfaye
1190,sɑfow,sahfow
1191,sɑsi,sahsee
1192,sɑsej,sahsaye
1193,sɑsow,sahsow
1194,sɑʃi,sahshee
1195,sɑʃej,sahshaye
1196,sɑʃow,sahshow
1197,sɑbi,sahbee
1198,sɑbej,sahbaye
1199,sɑbow,sahbow
1200,sɑdi,sahdee
1201,sɑdej,sahdaye
1202,sɑdow,sahdow
1203,sɑɡi,sahggee
1204,sɑɡej,sahgaye
1205,sɑɡow,sahgow
1206,sɑpi,sahpee
1207,sɑpej,sahpaye
1208,sɑpow,sahpow
1209,sɑti,sahtee
1210,sɑtej,sahtaye
1211,sɑtow,sahtow
1212,sɑki,sahkee
1213,sɑkej,sahkaye
1214,sɑkow,sahko
1215,sowli,soelee
1216,sowlej,soelaye
1217,sowlow,soelow
1218,sowmi,soemee
1219,sowmej,soemaye
1220,sowmow,soemow
1221,sowni,soanee
1222,sownej,soanaye
1223,sownow,soanow
1224,sowvi,soevee
1225,sowvej,soevaye
1226,sowvow,soevow
1227,sowði,soethey
1228,sowðej,soe-they
1229,sowðow,soe-though
1230,sowzi,soezee
1231,sowzej,soezaye
1232,sowzow,soezow
1233,sowfi,soefee
1234,sowfej,soefaye
1235,sowfow,soefow
1236,sowsi,soesee
1237,sowsej,soesaye
1238,sowsow,soesow
1239,sowʃi,soeshee
1240,sowʃej,soeshaye
1241,sowʃow,soeshow
1242,sowbi,soebee
1243,sowbej,soebaye
1244,sowbow,soebow
1245,sowdi,soedee
1246,sowdej,soedaye
1247,sowdow,soedow
1248,sowɡi,soeggee
1249,sowɡej,soegaye
1250,sowɡow,soegow
1251,sowpi,soepee
1252,sowpej,soepaye
1253,sowpow,soepow
1254,sowti,soetee
1255,sowtej,soetaye
1256,sowtow,soetow
1257,sowki,soekee
1258,sowkej,soekaye
1259,sowkow,soeko
1260,ʃili,sheelee
1261,ʃilej,sheelaye
1262,ʃilow,sheelow
1263,ʃimi,sheemee
1264,ʃimej,sheemaye
1265,ʃimow,sheemow
1266,ʃini,sheenee
1267,ʃinej,sheenaye
1268,ʃinow,sheenow
1269,ʃivi,sheevee
1270,ʃivej,sheevaye
1271,ʃivow,sheevow
1272,ʃiði,sheethey
1273,ʃiðej,shee-they
1274,ʃiðow,shee-though
1275,ʃizi,sheezee
1276,ʃizej,sheezaye
1277,ʃizow,sheezow
1278,ʃifi,sheefee
1279,ʃifej,sheefaye
1280,ʃifow,sheefow
1281,ʃisi,sheesee
1282,ʃisej,sheesaye
1283,ʃisow,sheesow
1284,ʃiʃi,sheeshee
1285,ʃiʃej,sheeshaye
1286,ʃiʃow,sheeshow
1287,ʃibi,sheebee
1288,ʃibej,sheebaye
1289,ʃibow,sheebow
1290,ʃidi,sheedee
1291,ʃidej,sheedaye
1292,ʃidow,sheedow
1293,ʃiɡi,sheeggee
1294,ʃiɡej,sheegaye
1295,ʃiɡow,sheegow
1296,ʃipi,sheepee
1297,ʃipej,sheepaye
1298,ʃipow,sheepow
1299,ʃiti,sheetee
1300,ʃitej,sheetaye
1301,ʃitow,sheetow
1302,ʃiki,sheekee
1303,ʃikej,sheekaye
1304,ʃikow,sheeko
1305,ʃejli,shaylee
1306,ʃejlej,shaylaye
1307,ʃejlow,shaylow
1308,ʃejmi,shaymee
1309,ʃejmej,shaymaye
1310,ʃejmow,shaymow
1311,ʃejni,shaynee
1312,ʃejnej,shaynaye
1313,ʃejnow,shaynow
1314,ʃejvi,shayvee
1315,ʃejvej,shayvaye
1316,ʃejvow,shayvow
1317,ʃejði,shaythey
1318,ʃejðej,shay-they
1319,ʃejðow,shay-though
1320,ʃejzi,shayzee
1321,ʃejzej,shayzaye
1322,ʃejzow,shayzow
1323,ʃejfi,shayfee
1324,ʃejfej,shayfaye
1325,ʃejfow,shayfow
1326,ʃejsi,shaysee
1327,ʃejsej,shaysaye
1328,ʃejsow,shaysow
1329,ʃejʃi,shayshee
1330,ʃejʃej,shayshaye
1331,ʃejʃow,shayshow
1332,ʃejbi,shaybee
1333,ʃejbej,shaybaye
1334,ʃejbow,shaybow
1335,ʃejdi,shaydee
1336,ʃejdej,shaydaye
1337,ʃejdow,shaydow
1338,ʃejɡi,shayggee
1339,ʃejɡej,shaygaye
1340,ʃejɡow,shaygow
1341,ʃejpi,shaypee
1342,ʃejpej,shaypaye
1343,ʃejpow,shaypow
1344,ʃejti,shaytee
1345,ʃejtej,shaytaye
1346,ʃejtow,shaytow
1347,ʃejki,shaykee
1348,ʃejkej,shaykaye
1349,ʃejkow,shayko
1350,ʃɑli,shahlee
1351,ʃɑlej,shahlaye
1352,ʃɑlow,shahlow
1353,ʃɑmi,shahmee
1354,ʃɑmej,shahmaye
1355,ʃɑmow,shahmow
1356,ʃɑni,shahnee
1357,ʃɑnej,shahnaye
1358,ʃɑnow,shahnow
1359,ʃɑvi,shahvee
1360,ʃɑvej,shahvaye
1361,ʃɑvow,shahvow
1362,ʃɑði,shahthey
1363,ʃɑðej,shah-they
1364,ʃɑðow,shah-though
1365,ʃɑzi,shahzee
1366,ʃɑzej,shahzaye
1367,ʃɑzow,shahzow
1368,ʃɑfi,shahfee
1369,ʃɑfej,shahfaye
1370,ʃɑfow,shahfow
1371,ʃɑsi,shahsee
1372,ʃɑsej,shahsaye
1373,ʃɑsow,shahsow
1374,ʃɑʃi,shahshee
1375,ʃɑʃej,shahshaye
1376,ʃɑʃow,shahshow
1377,ʃɑbi,shahbee
1378,ʃɑbej,shahbaye
1379,ʃɑbow,shahbow
1380,ʃɑdi,shahdee
1381,ʃɑdej,shahdaye
1382,ʃɑdow,shahdow
1383,ʃɑɡi,shahggee
1384,ʃɑɡej,shahgaye
1385,ʃɑɡow,shahgow
1386,ʃɑpi,shahpee
1387,ʃɑpej,shahpaye
1388,ʃɑpow,shahpow
1389,ʃɑti,shahtee
1390,ʃɑtej,shahtaye
1391,ʃɑtow,shahtow
1392,ʃɑki,shahkee
1393,ʃɑkej,shahkaye
1394,ʃɑkow,shahko
1395,ʃowli,showlee
1396,ʃowlej,showlaye
1397,ʃowlow,showlow
1398,ʃowmi,showmee
1399,ʃowmej,showmaye
1400,ʃowmow,showmow
1401,ʃowni,shownee
1402,ʃownej,shownaye
1403,ʃownow,shownow
1404,ʃowvi,showvee
1405,ʃowvej,showvaye
1406,ʃowvow,showvow
1407,ʃowði,showthey
1408,ʃowðej,show-they
1409,ʃowðow,show-though
1410,ʃowzi,showzee
1411,ʃowzej,showzaye
1412,ʃowzow,showzow
1413,ʃowfi,showfee
1414,ʃowfej,showfaye
1415,ʃowfow,showfow
1416,ʃowsi,showsee
1417,ʃowsej,showsaye
1418,ʃowsow,showsow
1419,ʃowʃi,showshee
1420,ʃowʃej,showshaye
1421,ʃowʃow,showshow
1422,ʃowbi,showbee
1423,ʃowbej,showbaye
1424,ʃowbow,showbow
1425,ʃowdi,showdee
1426,ʃowdej,showdaye
1427,ʃowdow,showdow
1428,ʃowɡi,showggee
1429,ʃowɡej,showgaye
1430,ʃowɡow,showgow
1431,ʃowpi,showpee
1432,ʃowpej,showpaye
1433,ʃowpow,showpow
1434,ʃowti,showtee
1435,ʃowtej,showtaye
1436,ʃowtow,showtow
1437,ʃowki,showkee
1438,ʃowkej,showkaye
1439,ʃowkow,showko
1440,bili,beelee
1441,bilej,beelaye
1442,bilow,beelow
1443,bimi,beemee
1444,bimej,beemaye
1445,bimow,beemow
1446,bini,beenee
1447,binej,beenaye
1448,binow,beenow
1449,bivi,beevee
1450,bivej,beevaye
1451,bivow,beevow
1452,biði,beethey
1453,biðej,bee-they
1454,biðow,bee-though
1455,bizi,beezee
1456,bizej,beezaye
1457,bizow,beezow
1458,bifi,beefee
1459,bifej,beefaye
1460,bifow,beefow
1461,bisi,beesee
1462,bisej,beesaye
1463,bisow,beesow
1464,biʃi,beeshee
1465,biʃej,beeshaye
1466,biʃow,beeshow
1467,bibi,beebee
1468,bibej,beebaye
1469,bibow,beebow
1470,bidi,beedee
1471,bidej,beedaye
1472,bidow,beedow
1473,biɡi,beeggee
1474,biɡej,beegaye
1475,biɡow,beegow
1476,bipi,beepee
1477,bipej,beepaye
1478,bipow,beepow
1479,biti,beetee
1480,bitej,beetaye
1481,bitow,beetow
1482,biki,beekee
1483,bikej,beekaye
1484,bikow,beeko
1485,bejli,baylee
1486,bejlej,baylaye
1487,bejlow,baylow
1488,bejmi,baymee
1489,bejmej,baymaye
1490,bejmow,baymow
1491,bejni,baynee
1492,bejnej,baynaye
1493,bejnow,baynow
1494,bejvi,bayvee
1495,bejvej,bayvaye
1496,bejvow,bayvow
1497,bejði,baythey
1498,bejðej,bay-they
1499,bejðow,bay-though
1500,bejzi,bayzee
1501,bejzej,bayzaye
1502,bejzow,bayzow
1503,bejfi,bayfee
1504,bejfej,bayfaye
1505,bejfow,bayfow
1506,bejsi,baysee
1507,bejsej,baysaye
1508,bejsow,baysow
1509,bejʃi,bayshee
1510,bejʃej,bayshaye
1511,bejʃow,bayshow
1512,bejbi,baybee
1513,bejbej,baybaye
1514,bejbow,baybow
1515,bejdi,baydee
1516,bejdej,baydaye
1517,bejdow,baydow
1518,bejɡi,bayggee
1519,bejɡej,baygaye
1520,bejɡow,baygow
1521,bejpi,baypee
1522,bejpej,baypaye
1523,bejpow,baypow
1524,bejti,baytee
1525,bejtej,baytaye
1526,bejtow,baytow
1527,bejki,baykee
1528,bejkej,baykaye
1529,bejkow,bayko
1530,bɑli,bahlee
1531,bɑlej,bahlaye
1532,bɑlow,bahlow
1533,bɑmi,bahmee
1534,bɑmej,bahmaye
1535,bɑmow,bahmow
1536,bɑni,bahnee
1537,bɑnej,bahnaye
1538,bɑnow,bahnow
1539,bɑvi,bahvee
1540,bɑvej,bahvaye
1541,bɑvow,bahvow
1542,bɑði,bahthey
1543,bɑðej,bah-they
1544,bɑðow,bah-though
1545,bɑzi,bahzee
1546,bɑzej,bahzaye
1547,bɑzow,bahzow
1548,bɑfi,bahfee
1549,bɑfej,bahfaye
1550,bɑfow,bahfow
1551,bɑsi,bahsee
1552,bɑsej,bahsaye
1553,bɑsow,bahsow
1554,bɑʃi,bahshee
1555,bɑʃej,bahshaye
1556,bɑʃow,bahshow
1557,bɑbi,bahbee
1558,bɑbej,bahbaye
1559,bɑbow,bahbow
1560,bɑdi,bahdee
1561,bɑdej,bahdaye
1562,bɑdow,bahdow
1563,bɑɡi,bahggee
1564,bɑɡej,bahgaye
1565,bɑɡow,bahgow
1566,bɑpi,bahpee
1567,bɑpej,bahpaye
1568,bɑpow,bahpow
1569,bɑti,bahtee
1570,bɑtej,bahtaye
1571,bɑtow,bahtow
1572,bɑki,bahkee
1573,bɑkej,bahkaye
1574,bɑkow,bahko
1575,bowli,boelee
1576,bowlej,boelaye
1577,bowlow,boelow
1578,bowmi,boemee
1579,bowmej,boemaye
1580,bowmow,boemow
1581,bowni,boanee
1582,bownej,boanaye
1583,bownow,boanow
1584,bowvi,boevee
1585,bowvej,boevaye
1586,bowvow,boevow
1587,bowði,boethey
1588,bowðej,boe-they
1589,bowðow,boe-though
1590,bowzi,boezee
1591,bowzej,boezaye
1592,bowzow,boezow
1593,bowfi,boefee
1594,bowfej,boefaye
1595,bowfow,boefow
1596,bowsi,boesee
1597,bowsej,boesaye
1598,bowsow,boesow
1599,bowʃi,boeshee
1600,bowʃej,boeshaye
1601,bowʃow,boeshow
1602,bowbi,boebee
1603,bowbej,boebaye
1604,bowbow,boebow
1605,bowdi,boedee
1606,bowdej,boedaye
1607,bowdow,boedow
1608,bowɡi,boeggee
1609,bowɡej,boegaye
1610,bowɡow,boegow
1611,bowpi,boepee
1612,bowpej,boepaye
1613,bowpow,boepow
1614,bowti,boetee
1615,bowtej,boetaye
1616,bowtow,boetow
1617,bowki,boekee
1618,bowkej,boekaye
1619,bowkow,boeko
1620,dili,deelee
1621,dilej,deelaye
1622,dilow,deelow
1623,dimi,deemee
1624,dimej,deemaye
1625,dimow,deemow
1626,dini,deenee
1627,dinej,deenaye
1628,dinow,deenow
1629,divi,deevee
1630,divej,deevaye
1631,divow,deevow
1632,diði,deethey
1633,diðej,dee-they
1634,diðow,dee-though
1635,dizi,deezee
1636,dizej,deezaye
1637,dizow,deezow
1638,difi,deefee
1639,difej,deefaye
1640,difow,deefow
1641,disi,deesee
1642,disej,deesaye
1643,disow,deesow
1644,diʃi,deeshee
1645,diʃej,deeshaye
1646,diʃow,deeshow
1647,dibi,deebee
1648,dibej,deebaye
1649,dibow,deebow
1650,didi,deedee
1651,didej,deedaye
1652,didow,deedow
1653,diɡi,deeggee
1654,diɡej,deegaye
1655,diɡow,deegow
1656,dipi,deepee
1657,dipej,deepaye
1658,dipow,deepow
1659,diti,deetee
1660,ditej,deetaye
1661,ditow,deetow
1662,diki,deekee
1663,dikej,deekaye
1664,dikow,deeko
1665,dejli,daylee
1666,dejlej,daylaye
1667,dejlow,daylow
1668,dejmi,daymee
1669,dejmej,daymaye
1670,dejmow,daymow
1671,dejni,daynee
1672,dejnej,daynaye
1673,dejnow,daynow
1674,dejvi,dayvee
1675,dejvej,dayvaye
1676,dejvow,dayvow
1677,dejði,daythey
1678,dejðej,day-they
1679,dejðow,day-though
1680,dejzi,dayzee
1681,dejzej,dayzaye
1682,dejzow,dayzow
1683,dejfi,dayfee
1684,dejfej,dayfaye
1685,dejfow,dayfow
1686,dejsi,daysee
1687,dejsej,daysaye
1688,dejsow,daysow
1689,dejʃi,dayshee
1690,dejʃej,dayshaye
1691,dejʃow,dayshow
1692,dejbi,daybee
1693,dejbej,daybaye
1694,dejbow,daybow
1695,dejdi,daydee
1696,dejdej,daydaye
1697,dejdow,daydow
1698,dejɡi,dayggee
1699,dejɡej,daygaye
1700,dejɡow,daygow
1701,dejpi,daypee
1702,dejpej,daypaye
1703,dejpow,daypow
1704,dejti,daytee
1705,dejtej,daytaye
1706,dejtow,daytow
1707,dejki,daykee
1708,dejkej,daykaye
1709,dejkow,dayko
1710,dɑli,dahlee
1711,dɑlej,dahlaye
1712,dɑlow,dahlow
1713,dɑmi,dahmee
1714,dɑmej,dahmaye
1715,dɑmow,dahmow
1716,dɑni,dahnee
1717,dɑnej,dahnaye
1718,dɑnow,dahnow
1719,dɑvi,dahvee
1720,dɑvej,dahvaye
1721,dɑvow,dahvow
1722,dɑði,dahthey
1723,dɑðej,dah-they
1724,dɑðow,dah-though
1725,dɑzi,dahzee
1726,dɑzej,dahzaye
1727,dɑzow,dahzow
1728,dɑfi,dahfee
1729,dɑfej,dahfaye
1730,dɑfow,dahfow
1731,dɑsi,dahsee
1732,dɑsej,dahsaye
1733,dɑsow,dahsow
1734,dɑʃi,dahshee
1735,dɑʃej,dahshaye
1736,dɑʃow,dahshow
1737,dɑbi,dahbee
1738,dɑbej,dahbaye
1739,dɑbow,dahbow
1740,dɑdi,dahdee
1741,dɑdej,dahdaye
1742,dɑdow,dahdow
1743,dɑɡi,dahggee
1744,dɑɡej,dahgaye
1745,dɑɡow,dahgow
1746,dɑpi,dahpee
1747,dɑpej,dahpaye
1748,dɑpow,dahpow
1749,dɑti,dahtee
1750,dɑtej,dahtaye
1751,dɑtow,dahtow
1752,dɑki,dahkee
1753,dɑkej,dahkaye
1754,dɑkow,dahko
1755,dowli,doughlee
1756,dowlej,doughlaye
1757,dowlow,doughlow
1758,dowmi,doughmee
1759,dowmej,doughmaye
1760,dowmow,doughmow
1761,downi,doughnee
1762,downej,doughnaye
1763,downow,doughnow
1764,dowvi,doughvee
1765,dowvej,doughvaye
1766,dowvow,doughvow
1767,dowði,doughthey
1768,dowðej,dough-they
1769,dowðow,dough-though
1770,dowzi,doughzee
1771,dowzej,doughzaye
1772,dowzow,doughzow
1773,dowfi,doughfee
1774,dowfej,doughfaye
1775,dowfow,doughfow
1776,dowsi,doughsee
1777,dowsej,doughsaye
1778,dowsow,doughsow
1779,dowʃi,doughshee
1780,dowʃej,doughshaye
1781,dowʃow,doughshow
1782,dowbi,doughbee
1783,dowbej,doughbaye
1784,dowbow,doughbow
1785,dowdi,doughdee
1786,dowdej,doughdaye
1787,dowdow,doughdow
1788,dowɡi,doughggee
1789,dowɡej,doughgaye
1790,dowɡow,doughgow
1791,dowpi,doughpee
1792,dowpej,doughpaye
1793,dowpow,doughpow
1794,dowti,doughtee
1795,dowtej,doughtaye
1796,dowtow,doughtow
1797,dowki,doughkee
1798,dowkej,doughkaye
1799,dowkow,doughko
1800,ɡili,gheelee
1801,ɡilej,gheelaye
1802,ɡilow,gheelow
1803,ɡimi,gheemee
1804,ɡimej,gheemaye
1805,ɡimow,gheemow
1806,ɡini,gheenee
1807,ɡinej,gheenaye
1808,ɡinow,gheenow
1809,ɡivi,gheevee
1810,ɡivej,gheevaye
1811,ɡivow,gheevow
1812,ɡiði,gheethey
1813,ɡiðej,ghee-they
1814,ɡiðow,ghee-though
1815,ɡizi,gheezee
1816,ɡizej,gheezaye
1817,ɡizow,gheezow
1818,ɡifi,gheefee
1819,ɡifej,gheefaye
1820,ɡifow,gheefow
1821,ɡisi,gheesee
1822,ɡisej,gheesaye
1823,ɡisow,gheesow
1824,ɡiʃi,gheeshee
1825,ɡiʃej,gheeshaye
1826,ɡiʃow,gheeshow
1827,ɡibi,gheebee
1828,ɡibej,gheebaye
1829,ɡibow,gheebow
1830,ɡidi,gheedee
1831,ɡidej,gheedaye
1832,ɡidow,gheedow
1833,ɡiɡi,gheeggee
1834,ɡiɡej,gheegaye
1835,ɡiɡow,gheegow
1836,ɡipi,gheepee
1837,ɡipej,gheepaye
1838,ɡipow,gheepow
1839,ɡiti,gheetee
1840,ɡitej,gheetaye
1841,ɡitow,gheetow
1842,ɡiki,gheekee
1843,ɡikej,gheekaye
1844,ɡikow,gheeko
1845,ɡejli,gaylee
1846,ɡejlej,gaylaye
1847,ɡejlow,gaylow
1848,ɡejmi,gaymee
1849,ɡejmej,gaymaye
1850,ɡejmow,gaymow
1851,ɡejni,gaynee
1852,ɡejnej,gaynaye
1853,ɡejnow,gaynow
1854,ɡejvi,gayvee
1855,ɡejvej,gayvaye
1856,ɡejvow,gayvow
1857,ɡejði,gaythey
1858,ɡejðej,gay-they
1859,ɡejðow,gay-though
1860,ɡejzi,gayzee
1861,ɡejzej,gayzaye
1862,ɡejzow,gayzow
1863,ɡejfi,gayfee
1864,ɡejfej,gayfaye
1865,ɡejfow,gayfow
1866,ɡejsi,gaysee
1867,ɡejsej,gaysaye
1868,ɡejsow,gaysow
1869,ɡejʃi,gayshee
1870,ɡejʃej,gayshaye
1871,ɡejʃow,gayshow
1872,ɡejbi,gaybee
1873,ɡejbej,gaybaye
1874,ɡejbow,gaybow
1875,ɡejdi,gaydee
1876,ɡejdej,gaydaye
1877,ɡejdow,gaydow
1878,ɡejɡi,gayggee
1879,ɡejɡej,gaygaye
1880,ɡejɡow,gaygow
1881,ɡejpi,gaypee
1882,ɡejpej,gaypaye
1883,ɡejpow,gaypow
1884,ɡejti,gaytee
1885,ɡejtej,gaytaye
1886,ɡejtow,gaytow
1887,ɡejki,gaykee
1888,ɡejkej,gaykaye
1889,ɡejkow,gayko
1890,ɡɑli,gahlee
1891,ɡɑlej,gahlaye
1892,ɡɑlow,gahlow
1893,ɡɑmi,gahmee
1894,ɡɑmej,gahmaye
1895,ɡɑmow,gahmow
1896,ɡɑni,gahnee
1897,ɡɑnej,gahnaye
1898,ɡɑnow,gahnow
1899,ɡɑvi,gahvee
1900,ɡɑvej,gahvaye
1901,ɡɑvow,gahvow
1902,ɡɑði,gahthey
1903,ɡɑðej,gah-they
1904,ɡɑðow,gah-though
1905,ɡɑzi,gahzee
1906,ɡɑzej,gahzaye
1907,ɡɑzow,gahzow
1908,ɡɑfi,gahfee
1909,ɡɑfej,gahfaye
1910,ɡɑfow,gahfow
1911,ɡɑsi,gahsee
1912,ɡɑsej,gahsaye
1913,ɡɑsow,gahsow
1914,ɡɑʃi,gahshee
1915,ɡɑʃej,gahshaye
1916,ɡɑʃow,gahshow
1917,ɡɑbi,gahbee
1918,ɡɑbej,gahbaye
1919,ɡɑbow,gahbow
1920,ɡɑdi,gahdee
1921,ɡɑdej,gahdaye
1922,ɡɑdow,gahdow
1923,ɡɑɡi,gahggee
1924,ɡɑɡej,gahgaye
1925,ɡɑɡow,gahgow
1926,ɡɑpi,gahpee
1927,ɡɑpej,gahpaye
1928,ɡɑpow,gahpow
1929,ɡɑti,gahtee
1930,ɡɑtej,gahtaye
1931,ɡɑtow,gahtow
1932,ɡɑki,gahkee
1933,ɡɑkej,gahkaye
1934,ɡɑkow,gahko
1935,ɡowli,goelee
1936,ɡowlej,goelaye
1937,ɡowlow,goelow
1938,ɡowmi,goemee
1939,ɡowmej,goemaye
1940,ɡowmow,goemow
1941,ɡowni,goanee
1942,ɡownej,goanaye
1943,ɡownow,goanow
1944,ɡowvi,goevee
1945,ɡowvej,goevaye
1946,ɡowvow,goevow
1947,ɡowði,goethey
1948,ɡowðej,goe-they
1949,ɡowðow,goe-though
1950,ɡowzi,goezee
1951,ɡowzej,goezaye
1952,ɡowzow,goezow
1953,ɡowfi,goefee
1954,ɡowfej,goefaye
1955,ɡowfow,goefow
1956,ɡowsi,goesee
1957,ɡowsej,goesaye
1958,ɡowsow,goesow
1959,ɡowʃi,goeshee
1960,ɡowʃej,goeshaye
1961,ɡowʃow,goeshow
1962,ɡowbi,goebee
1963,ɡowbej,goebaye
1964,ɡowbow,goebow
1965,ɡowdi,goedee
1966,ɡowdej,goedaye
1967,ɡowdow,goedow
1968,ɡowɡi,goeggee
1969,ɡowɡej,goegaye
1970,ɡowɡow,goegow
1971,ɡowpi,goepee
1972,ɡowpej,goepaye
1973,ɡowpow,goepow
1974,ɡowti,goetee
1975,ɡowtej,goetaye
1976,ɡowtow,goetow
1977,ɡowki,goekee
1978,ɡowkej,goekaye
1979,ɡowkow,goeko
1980,pili,peelee
1981,pilej,peelaye
1982,pilow,peelow
1983,pimi,peemee
1984,pimej,peemaye
1985,pimow,peemow
1986,pini,peenee
1987,pinej,peenaye
1988,pinow,peenow
1989,pivi,peevee
1990,pivej,peevaye
1991,pivow,peevow
1992,piði,peethey
1993,piðej,pee-they
1994,piðow,pee-though
1995,pizi,peezee
1996,pizej,peezaye
1997,pizow,peezow
1998,pifi,peefee
1999,pifej,peefaye
2000,pifow,peefow
2001,pisi,peesee
2002,pisej,peesaye
2003,pisow,peesow
2004,piʃi,peeshee
2005,piʃej,peeshaye
2006,piʃow,peeshow
2007,pibi,peebee
2008,pibej,peebaye
2009,pibow,peebow
2010,pidi,peedee
2011,pidej,peedaye
2012,pidow,peedow
2013,piɡi,peeggee
2014,piɡej,peegaye
2015,piɡow,peegow
2016,pipi,peepee
2017,pipej,peepaye
2018,pipow,peepow
2019,piti,peetee
2020,pitej,peetaye
2021,pitow,peetow
2022,piki,peekee
2023,pikej,peekaye
2024,pikow,peeko
2025,pejli,paylee
2026,pejlej,paylaye
2027,pejlow,paylow
2028,pejmi,paymee
2029,pejmej,paymaye
2030,pejmow,paymow
2031,pejni,paynee
2032,pejnej,paynaye
2033,pejnow,paynow
2034,pejvi,payvee
2035,pejvej,payvaye
2036,pejvow,payvow
2037,pejði,paythey
2038,pejðej,pay-they
2039,pejðow,pay-though
2040,pejzi,payzee
2041,pejzej,payzaye
2042,pejzow,payzow
2043,pejfi,payfee
2044,pejfej,payfaye
2045,pejfow,payfow
2046,pejsi,paysee
2047,pejsej,paysaye
2048,pejsow,paysow
2049,pejʃi,payshee
2050,pejʃej,payshaye
2051,pejʃow,payshow
2052,pejbi,paybee
2053,pejbej,paybaye
2054,pejbow,paybow
2055,pejdi,paydee
2056,pejdej,paydaye
2057,pejdow,paydow
2058,pejɡi,payggee
2059,pejɡej,paygaye
2060,pejɡow,paygow
2061,pejpi,paypee
2062,pejpej,paypaye
2063,pejpow,paypow
2064,pejti,paytee
2065,pejtej,paytaye
2066,pejtow,paytow
2067,pejki,paykee
2068,pejkej,paykaye
2069,pejkow,payko
2070,pɑli,pahlee
2071,pɑlej,pahlaye
2072,pɑlow,pahlow
2073,pɑmi,pahmee
2074,pɑmej,pahmaye
2075,pɑmow,pahmow
2076,pɑni,pahnee
2077,pɑnej,pahnaye
2078,pɑnow,pahnow
2079,pɑvi,pahvee
2080,pɑvej,pahvaye
2081,pɑvow,pahvow
2082,pɑði,pahthey
2083,pɑðej,pah-they
2084,pɑðow,pah-though
2085,pɑzi,pahzee
2086,pɑzej,pahzaye
2087,pɑzow,pahzow
2088,pɑfi,pahfee
2089,pɑfej,pahfaye
2090,pɑfow,pahfow
2091,pɑsi,pahsee
2092,pɑsej,pahsaye
2093,pɑsow,pahsow
2094,pɑʃi,pahshee
2095,pɑʃej,pahshaye
2096,pɑʃow,pahshow
2097,pɑbi,pahbee
2098,pɑbej,pahbaye
2099,pɑbow,pahbow
2100,pɑdi,pahdee
2101,pɑdej,pahdaye
2102,pɑdow,pahdow
2103,pɑɡi,pahggee
2104,pɑɡej,pahgaye
2105,pɑɡow,pahgow
2106,pɑpi,pahpee
2107,pɑpej,pahpaye
2108,pɑpow,pahpow
2109,pɑti,pahtee
2110,pɑtej,pahtaye
2111,pɑtow,pahtow
2112,pɑki,pahkee
2113,pɑkej,pahkaye
2114,pɑkow,pahko
2115,powli,poelee
2116,powlej,poelaye
2117,powlow,poelow
2118,powmi,poemee
2119,powmej,poemaye
2120,powmow,poemow
2121,powni,poanee
2122,pownej,poanaye
2123,pownow,poanow
2124,powvi,poevee
2125,powvej,poevaye
2126,powvow,poevow
2127,powði,poethey
2128,powðej,poe-they
2129,powðow,poe-though
2130,powzi,poezee
2131,powzej,poezaye
2132,powzow,poezow
2133,powfi,poefee
2134,powfej,poefaye
2135,powfow,poefow
2136,powsi,poesee
2137,powsej,poesaye
2138,powsow,poesow
2139,powʃi,poeshee
2140,powʃej,poeshaye
2141,powʃow,poeshow
2142,powbi,poebee
2143,powbej,poebaye
2144,powbow,poebow
2145,powdi,poedee
2146,powdej,poedaye
2147,powdow,poedow
2148,powɡi,poeggee
2149,powɡej,poegaye
2150,powɡow,poegow
2151,powpi,poepee
2152,powpej,poepaye
2153,powpow,poepow
2154,powti,poetee
2155,powtej,poetaye
2156,powtow,poetow
2157,powki,poekee
2158,powkej,poekaye
2159,powkow,poeko
2160,tili,teelee
2161,tilej,teelaye
2162,tilow,teelow
2163,timi,teemee
2164,timej,teemaye
2165,timow,teemow
2166,tini,teenee
2167,tinej,teenaye
2168,tinow,teenow
2169,tivi,teevee
2170,tivej,teevaye
2171,tivow,teevow
2172,tiði,teethey
2173,tiðej,tee-they
2174,tiðow,tee-though
2175,tizi,teezee
2176,tizej,teezaye
2177,tizow,teezow
2178,tifi,teefee
2179,tifej,teefaye
2180,tifow,teefow
2181,tisi,teesee
2182,tisej,teesaye
2183,tisow,teesow
2184,tiʃi,teeshee
2185,tiʃej,teeshaye
2186,tiʃow,teeshow
2187,tibi,teebee
2188,tibej,teebaye
2189,tibow,teebow
2190,tidi,teedee
2191,tidej,teedaye
2192,tidow,teedow
2193,tiɡi,teeggee
2194,tiɡej,teegaye
2195,tiɡow,teegow
2196,tipi,teepee
2197,tipej,teepaye
2198,tipow,teepow
2199,titi,teetee
2200,titej,teetaye
2201,titow,teetow
2202,tiki,teekee
2203,tikej,teekaye
2204,tikow,teeko
2205,tejli,taylee
2206,tejlej,taylaye
2207,tejlow,taylow
2208,tejmi,taymee
2209,tejmej,taymaye
2210,tejmow,taymow
2211,tejni,taynee
2212,tejnej,taynaye
2213,tejnow,taynow
2214,tejvi,tayvee
2215,tejvej,tayvaye
2216,tejvow,tayvow
2217,tejði,taythey
2218,tejðej,tay-they
2219,tejðow,tay-though
2220,tejzi,tayzee
2221,tejzej,tayzaye
2222,tejzow,tayzow
2223,tejfi,tayfee
2224,tejfej,tayfaye
2225,tejfow,tayfow
2226,tejsi,taysee
2227,tejsej,taysaye
2228,tejsow,taysow
2229,tejʃi,tayshee
2230,tejʃej,tayshaye
2231,tejʃow,tayshow
2232,tejbi,taybee
2233,tejbej,taybaye
2234,tejbow,taybow
2235,tejdi,taydee
2236,tejdej,taydaye
2237,tejdow,taydow
2238,tejɡi,tayggee
2239,tejɡej,taygaye
2240,tejɡow,taygow
2241,tejpi,taypee
2242,tejpej,taypaye
2243,tejpow,taypow
2244,tejti,taytee
2245,tejtej,taytaye
2246,tejtow,taytow
2247,tejki,taykee
2248,tejkej,taykaye
2249,tejkow,tayko
2250,tɑli,tahlee
2251,tɑlej,tahlaye
2252,tɑlow,tahlow
2253,tɑmi,tahmee
2254,tɑmej,tahmaye
2255,tɑmow,tahmow
2256,tɑni,tahnee
2257,tɑnej,tahnaye
2258,tɑnow,tahnow
2259,tɑvi,tahvee
2260,tɑvej,tahvaye
2261,tɑvow,tahvow
2262,tɑði,tahthey
2263,tɑðej,tah-they
2264,tɑðow,tah-though
2265,tɑzi,tahzee
2266,tɑzej,tahzaye
2267,tɑzow,tahzow
2268,tɑfi,tahfee
2269,tɑfej,tahfaye
2270,tɑfow,tahfow
2271,tɑsi,tahsee
2272,tɑsej,tahsaye
2273,tɑsow,tahsow
2274,tɑʃi,tahshee
2275,tɑʃej,tahshaye
2276,tɑʃow,tahshow
2277,tɑbi,tahbee
2278,tɑbej,tahbaye
2279,tɑbow,tahbow
2280,tɑdi,tahdee
2281,tɑdej,tahdaye
2282,tɑdow,tahdow
2283,tɑɡi,tahggee
2284,tɑɡej,tahgaye
2285,tɑɡow,tahgow
2286,tɑpi,tahpee
2287,tɑpej,tahpaye
2288,tɑpow,tahpow
2289,tɑti,tahtee
2290,tɑtej,tahtaye
2291,tɑtow,tahtow
2292,tɑki,tahkee
2293,tɑkej,tahkaye
2294,tɑkow,tahko
2295,towli,toelee
2296,towlej,toelaye
2297,towlow,toelow
2298,towmi,toemee
2299,towmej,toemaye
2300,towmow,toemow
2301,towni,toanee
2302,townej,toanaye
2303,townow,toanow
2304,towvi,toevee
2305,towvej,toevaye
2306,towvow,toevow
2307,towði,toethey
2308,towðej,toe-they
2309,towðow,toe-though
2310,towzi,toezee
2311,towzej,toezaye
2312,towzow,toezow
2313,towfi,toefee
2314,towfej,toefaye
2315,towfow,toefow
2316,towsi,toesee
2317,towsej,toesaye
2318,towsow,toesow
2319,towʃi,toeshee
2320,towʃej,toeshaye
2321,towʃow,toeshow
2322,towbi,toebee
2323,towbej,toebaye
2324,towbow,toebow
2325,towdi,toedee
2326,towdej,toedaye
2327,towdow,toedow
2328,towɡi,toeggee
2329,towɡej,toegaye
2330,towɡow,toegow
2331,towpi,toepee
2332,towpej,toepaye
2333,towpow,toepow
2334,towti,toetee
2335,towtej,toetaye
2336,towtow,toetow
2337,towki,toekee
2338,towkej,toekaye
2339,towkow,toeko
2340,kili,keelee
2341,kilej,keelaye
2342,kilow,keelow
2343,kimi,keemee
2344,kimej,keemaye
2345,kimow,keemow
2346,kini,keenee
2347,kinej,keenaye
2348,kinow,keenow
2349,kivi,keevee
2350,kivej,keevaye
2351,kivow,keevow
2352,kiði,keethey
2353,kiðej,kee-they
2354,kiðow,kee-though
2355,kizi,keezee
2356,kizej,keezaye
2357,kizow,keezow
2358,kifi,keefee
2359,kifej,keefaye
2360,kifow,keefow
2361,kisi,keesee
2362,kisej,keesaye
2363,kisow,keesow
2364,kiʃi,keeshee
2365,kiʃej,keeshaye
2366,kiʃow,keeshow
2367,kibi,keebee
2368,kibej,keebaye
2369,kibow,keebow
2370,kidi,keedee
2371,kidej,keedaye
2372,kidow,keedow
2373,kiɡi,keeggee
2374,kiɡej,keegaye
2375,kiɡow,keegow
2376,kipi,keepee
2377,kipej,keepaye
2378,kipow,keepow
2379,kiti,keetee
2380,kitej,keetaye
2381,kitow,keetow
2382,kiki,keekee
2383,kikej,keekaye
2384,kikow,keeko
2385,kejli,kaylee
2386,kejlej,kaylaye
2387,kejlow,kaylow
2388,kejmi,kaymee
2389,kejmej,kaymaye
2390,kejmow,kaymow
2391,kejni,kaynee
2392,kejnej,kaynaye
2393,kejnow,kaynow
2394,kejvi,kayvee
2395,kejvej,kayvaye
2396,kejvow,kayvow
2397,kejði,kaythey
2398,kejðej,kay-they
2399,kejðow,kay-though
2400,kejzi,kayzee
2401,kejzej,kayzaye
2402,kejzow,kayzow
2403,kejfi,kayfee
2404,kejfej,kayfaye
2405,kejfow,kayfow
2406,kejsi,kaysee
2407,kejsej,kaysaye
2408,kejsow,kaysow
2409,kejʃi,kayshee
2410,kejʃej,kayshaye
2411,kejʃow,kayshow
2412,kejbi,kaybee
2413,kejbej,kaybaye
2414,kejbow,kaybow
2415,kejdi,kaydee
2416,kejdej,kaydaye
2417,kejdow,kaydow
2418,kejɡi,kayggee
2419,kejɡej,kaygaye
2420,kejɡow,kaygow
2421,kejpi,kaypee
2422,kejpej,kaypaye
2423,kejpow,kaypow
2424,kejti,kaytee
2425,kejtej,kaytaye
2426,kejtow,kaytow
2427,kejki,kaykee
2428,kejkej,kaykaye
2429,kejkow,kayko
2430,kɑli,kahlee
2431,kɑlej,kahlaye
2432,kɑlow,kahlow
2433,kɑmi,kahmee
2434,kɑmej,kahmaye
2435,kɑmow,kahmow
2436,kɑni,kahnee
2437,kɑnej,kahnaye
2438,kɑnow,kahnow
2439,kɑvi,kahvee
2440,kɑvej,kahvaye
2441,kɑvow,kahvow
2442,kɑði,kahthey
2443,kɑðej,kah-they
2444,kɑðow,kah-though
2445,kɑzi,kahzee
2446,kɑzej,kahzaye
2447,kɑzow,kahzow
2448,kɑfi,kahfee
2449,kɑfej,kahfaye
2450,kɑfow,kahfow
2451,kɑsi,kahsee
2452,kɑsej,kahsaye
2453,kɑsow,kahsow
2454,kɑʃi,kahshee
2455,kɑʃej,kahshaye
2456,kɑʃow,kahshow
2457,kɑbi,kahbee
2458,kɑbej,kahbaye
2459,kɑbow,kahbow
2460,kɑdi,kahdee
2461,kɑdej,kahdaye
2462,kɑdow,kahdow
2463,kɑɡi,kahggee
2464,kɑɡej,kahgaye
2465,kɑɡow,kahgow
2466,kɑpi,kahpee
2467,kɑpej,kahpaye
2468,kɑpow,kahpow
2469,kɑti,kahtee
2470,kɑtej,kahtaye
2471,kɑtow,kahtow
2472,kɑki,kahkee
2473,kɑkej,kahkaye
2474,kɑkow,kahko
2475,kowli,koelee
2476,kowlej,koelaye
2477,kowlow,koelow
2478,kowmi,koemee
2479,kowmej,koemaye
2480,kowmow,koemow
2481,kowni,koanee
2482,kownej,koanaye
2483,kownow,koanow
2484,kowvi,koevee
2485,kowvej,koevaye
2486,kowvow,koevow
2487,kowði,koethey
2488,kowðej,koe-they
2489,kowðow,koe-though
2490,kowzi,koezee
2491,kowzej,koezaye
2492,kowzow,koezow
2493,kowfi,koefee
2494,kowfej,koefaye
2495,kowfow,koefow
2496,kowsi,koesee
2497,kowsej,koesaye
2498,kowsow,koesow
2499,kowʃi,koeshee
2500,kowʃej,koeshaye
2501,kowʃow,koeshow
2502,kowbi,koebee
2503,kowbej,koebaye
2504,kowbow,koebow
2505,kowdi,koedee
2506,kowdej,koedaye
2507,kowdow,koedow
2508,kowɡi,koeggee
2509,kowɡej,koegaye
2510,kowɡow,koegow
2511,kowpi,koepee
2512,kowpej,koepaye
2513,kowpow,koepow
2514,kowti,koetee
2515,kowtej,koetaye
2516,kowtow,koetow
2517,kowki,koekee
2518,kowkej,koekaye
2519,kowkow,koeko
