word,meaning,ref
ach,,dictionnaire des onomatopées
acz,,dictionnaire des onomatopées
acz acz,,dictionnaire des onomatopées
agaga,,dictionnaire des onomatopées
ah,,dictionnaire des onomatopées
ahan,,dictionnaire des onomatopées
ahou,,dictionnaire des onomatopées
aï aï,,dictionnaire des onomatopées
aou,,dictionnaire des onomatopées
aouah,,dictionnaire des onomatopées
aouh,,dictionnaire des onomatopées
are-are,,dictionnaire des onomatopées
areu-areu,,dictionnaire des onomatopées
areuh-areuh,,dictionnaire des onomatopées
argh,,dictionnaire des onomatopées
arheu-arheu,,dictionnaire des onomatopées
atcha,,dictionnaire des onomatopées
atchedeu,,dictionnaire des onomatopées
atchi,,dictionnaire des onomatopées
atchie,,dictionnaire des onomatopées
atchim,,dictionnaire des onomatopées
atchou,,dictionnaire des onomatopées
atchoum,,dictionnaire des onomatopées
atchum,,dictionnaire des onomatopées
atzoum,,dictionnaire des onomatopées
badabam,,dictionnaire des onomatopées
badabang,,dictionnaire des onomatopées
badabiam,,dictionnaire des onomatopées
badabing,,dictionnaire des onomatopées
badaboum,,dictionnaire des onomatopées
badaboumer,,dictionnaire des onomatopées
badabraoum,,dictionnaire des onomatopées
badadam,,dictionnaire des onomatopées
badadang,,dictionnaire des onomatopées
badading,,dictionnaire des onomatopées
badam,,dictionnaire des onomatopées
bagadam,,dictionnaire des onomatopées
bah,,dictionnaire des onomatopées
bahoum,,dictionnaire des onomatopées
bais,,dictionnaire des onomatopées
bam,,dictionnaire des onomatopées
ban,,dictionnaire des onomatopées
bang,,dictionnaire des onomatopées
baou,,dictionnaire des onomatopées
baoum,,dictionnaire des onomatopées
baoun,,dictionnaire des onomatopées
baoûn,,dictionnaire des onomatopées
baound,,dictionnaire des onomatopées
baradaboum,,dictionnaire des onomatopées
bé,,dictionnaire des onomatopées
bè,,dictionnaire des onomatopées
bê,,dictionnaire des onomatopées
bêêx,,dictionnaire des onomatopées
beh,,dictionnaire des onomatopées
bei,,dictionnaire des onomatopées
beng,,dictionnaire des onomatopées
berk,,dictionnaire des onomatopées
berkh,,dictionnaire des onomatopées
berque,,dictionnaire des onomatopées
beuark,,dictionnaire des onomatopées
beuârk,,dictionnaire des onomatopées
beuh,,dictionnaire des onomatopées
beuouah,,dictionnaire des onomatopées
beurck,,dictionnaire des onomatopées
beurk,,dictionnaire des onomatopées
beurp,,dictionnaire des onomatopées
beurq,,dictionnaire des onomatopées
bff,,dictionnaire des onomatopées
bim,,dictionnaire des onomatopées
bin,,dictionnaire des onomatopées
bing,,dictionnaire des onomatopées
bip,,dictionnaire des onomatopées
birk,,dictionnaire des onomatopées
bistanclac,,dictionnaire des onomatopées
bistanclaque,,dictionnaire des onomatopées
blam,,dictionnaire des onomatopées
blang,,dictionnaire des onomatopées
bling,,dictionnaire des onomatopées
blop,,dictionnaire des onomatopées
blouf,,dictionnaire des onomatopées
bloum,,dictionnaire des onomatopées
bloup,,dictionnaire des onomatopées
blp,,dictionnaire des onomatopées
blub,,dictionnaire des onomatopées
blurp,,dictionnaire des onomatopées
boïng,,dictionnaire des onomatopées
bom,,dictionnaire des onomatopées
bong,,dictionnaire des onomatopées
bou bou,,dictionnaire des onomatopées
bouac,,dictionnaire des onomatopées
bouah,,dictionnaire des onomatopées
bouah-hou,,dictionnaire des onomatopées
bouakh,,dictionnaire des onomatopées
bouaoue,,dictionnaire des onomatopées
bouf,,dictionnaire des onomatopées
bouh,,dictionnaire des onomatopées
boum,,dictionnaire des onomatopées
boum tchac,,dictionnaire des onomatopées
boun,,dictionnaire des onomatopées
boung,,dictionnaire des onomatopées
bour,,dictionnaire des onomatopées
bout,,dictionnaire des onomatopées
brang,,dictionnaire des onomatopées
braou,,dictionnaire des onomatopées
braoum,,dictionnaire des onomatopées
brek brek,,dictionnaire des onomatopées
brékèke,,dictionnaire des onomatopées
brekekex,,dictionnaire des onomatopées
brékékex,,dictionnaire des onomatopées
brom,,dictionnaire des onomatopées
brou,,dictionnaire des onomatopées
brouaou,,dictionnaire des onomatopées
brouaoum,,dictionnaire des onomatopées
broum,,dictionnaire des onomatopées
broun,,dictionnaire des onomatopées
brr,,dictionnaire des onomatopées
brum,,dictionnaire des onomatopées
bsing,,dictionnaire des onomatopées
bss bss,,dictionnaire des onomatopées
bst,,dictionnaire des onomatopées
buah,,dictionnaire des onomatopées
buark,,dictionnaire des onomatopées
burp,,dictionnaire des onomatopées
buzz,,dictionnaire des onomatopées
bvlof,,dictionnaire des onomatopées
bvreum,,dictionnaire des onomatopées
bzee,,dictionnaire des onomatopées
bzeuh,,dictionnaire des onomatopées
bzi,,dictionnaire des onomatopées
bzim,,dictionnaire des onomatopées
bzing,,dictionnaire des onomatopées
bzit,,dictionnaire des onomatopées
bzoïng,,dictionnaire des onomatopées
bzz,,dictionnaire des onomatopées
cancan,,dictionnaire des onomatopées
ch,,dictionnaire des onomatopées
ch ch,,dictionnaire des onomatopées
chac,,dictionnaire des onomatopées
chac boum,,dictionnaire des onomatopées
chlag,,dictionnaire des onomatopées
chlak,,dictionnaire des onomatopées
chlaque,,dictionnaire des onomatopées
chloup,,dictionnaire des onomatopées
chlup,,dictionnaire des onomatopées
choum,,dictionnaire des onomatopées
chplurtz,,dictionnaire des onomatopées
chtac,,dictionnaire des onomatopées
chtak,,dictionnaire des onomatopées
chtoc,,dictionnaire des onomatopées
chtok,,dictionnaire des onomatopées
chtong,,dictionnaire des onomatopées
chtonk,,dictionnaire des onomatopées
chtuck,,dictionnaire des onomatopées
chu,,dictionnaire des onomatopées
chut chut,,dictionnaire des onomatopées
clac,,dictionnaire des onomatopées
clac cloc,,dictionnaire des onomatopées
clanc,,dictionnaire des onomatopées
clanc clonc,,dictionnaire des onomatopées
clang,,dictionnaire des onomatopées
clank,,dictionnaire des onomatopées
clap,,dictionnaire des onomatopées
cli cli,,dictionnaire des onomatopées
cli cli clic,,dictionnaire des onomatopées
cli cli clit,,dictionnaire des onomatopées
cli clic,,dictionnaire des onomatopées
clic,,dictionnaire des onomatopées
clic et clac,,dictionnaire des onomatopées
clic-clac,,dictionnaire des onomatopées
clic-cloc,,dictionnaire des onomatopées
click,,dictionnaire des onomatopées
clinc,,dictionnaire des onomatopées
cling,,dictionnaire des onomatopées
clink,,dictionnaire des onomatopées
clip,,dictionnaire des onomatopées
clip clap,,dictionnaire des onomatopées
clip clop,,dictionnaire des onomatopées
cloc,,dictionnaire des onomatopées
clock,,dictionnaire des onomatopées
clonc,,dictionnaire des onomatopées
clong,,dictionnaire des onomatopées
clop,,dictionnaire des onomatopées
clouc,,dictionnaire des onomatopées
cloup,,dictionnaire des onomatopées
coa,,dictionnaire des onomatopées
coac,,dictionnaire des onomatopées
côâc,,dictionnaire des onomatopées
coaque,,dictionnaire des onomatopées
cocorico,,dictionnaire des onomatopées
cocorikè,,dictionnaire des onomatopées
coi,,dictionnaire des onomatopées
coin-coin,,dictionnaire des onomatopées
coqueléque,,dictionnaire des onomatopées
coquerico,,dictionnaire des onomatopées
corc,,dictionnaire des onomatopées
corlui,,dictionnaire des onomatopées
cot cot,,dictionnaire des onomatopées
cot cot codec,,dictionnaire des onomatopées
coua,,dictionnaire des onomatopées
couac,,dictionnaire des onomatopées
couan couan,,dictionnaire des onomatopées
coucou,,dictionnaire des onomatopées
coucourou,,dictionnaire des onomatopées
couéan-couéan,,dictionnaire des onomatopées
couen-couen,,dictionnaire des onomatopées
coui coui,,dictionnaire des onomatopées
couic,,dictionnaire des onomatopées
couik,,dictionnaire des onomatopées
couin-cou,,dictionnaire des onomatopées
couin-couin,,dictionnaire des onomatopées
couique,,dictionnaire des onomatopées
coureli,,dictionnaire des onomatopées
courli,,dictionnaire des onomatopées
couroucou,,dictionnaire des onomatopées
cra cra,,dictionnaire des onomatopées
crac,,dictionnaire des onomatopées
crac boum hue,,dictionnaire des onomatopées
crac crac,,dictionnaire des onomatopées
cran,,dictionnaire des onomatopées
crc cr,,dictionnaire des onomatopées
cree,,dictionnaire des onomatopées
cric,,dictionnaire des onomatopées
cric crac,,dictionnaire des onomatopées
cricri,,dictionnaire des onomatopées
cricrite,,dictionnaire des onomatopées
crin crin,,dictionnaire des onomatopées
crincrin,,dictionnaire des onomatopées
criss-criss,,dictionnaire des onomatopées
croa,,dictionnaire des onomatopées
croac,,dictionnaire des onomatopées
croax,,dictionnaire des onomatopées
crou-crou,,dictionnaire des onomatopées
crouic,,dictionnaire des onomatopées
crouik,,dictionnaire des onomatopées
crr,,dictionnaire des onomatopées
crr-crr,,dictionnaire des onomatopées
crunch,,dictionnaire des onomatopées
css css,,dictionnaire des onomatopées
cuic,,dictionnaire des onomatopées
cuicui,,dictionnaire des onomatopées
cuik,,dictionnaire des onomatopées
cuin-cuin,,dictionnaire des onomatopées
cuit cuit,,dictionnaire des onomatopées
cx cx,,dictionnaire des onomatopées
cz cz,,dictionnaire des onomatopées
dan,,dictionnaire des onomatopées
derling,,dictionnaire des onomatopées
di din don,,dictionnaire des onomatopées
dig,,dictionnaire des onomatopées
dig dong,,dictionnaire des onomatopées
dign,,dictionnaire des onomatopées
digne,,dictionnaire des onomatopées
diguedondonner,,dictionnaire des onomatopées
diligne,,dictionnaire des onomatopées
dililing,,dictionnaire des onomatopées
diling,,dictionnaire des onomatopées
dilink,,dictionnaire des onomatopées
din,,dictionnaire des onomatopées
din don,,dictionnaire des onomatopées
ding,,dictionnaire des onomatopées
ding-dang,,dictionnaire des onomatopées
ding-dom,,dictionnaire des onomatopées
ding-dong,,dictionnaire des onomatopées
direling,,dictionnaire des onomatopées
dling,,dictionnaire des onomatopées
dong,,dictionnaire des onomatopées
drelin-drelin,,dictionnaire des onomatopées
dreline,,dictionnaire des onomatopées
dreling,,dictionnaire des onomatopées
drigne,,dictionnaire des onomatopées
driling,,dictionnaire des onomatopées
drin,,dictionnaire des onomatopées
dring,,dictionnaire des onomatopées
drinn,,dictionnaire des onomatopées
drng,,dictionnaire des onomatopées
dzee,,dictionnaire des onomatopées
dzi,,dictionnaire des onomatopées
dzie,,dictionnaire des onomatopées
dzim,,dictionnaire des onomatopées
dzim boum boum,,dictionnaire des onomatopées
dzin,,dictionnaire des onomatopées
dzing,,dictionnaire des onomatopées
dzing bloum bloum,,dictionnaire des onomatopées
dzing boum boum,,dictionnaire des onomatopées
dzingue,,dictionnaire des onomatopées
dziou,,dictionnaire des onomatopées
dzz,,dictionnaire des onomatopées
ehé é,,dictionnaire des onomatopées
ehehé,,dictionnaire des onomatopées
éon,,dictionnaire des onomatopées
erc,,dictionnaire des onomatopées
erk,,dictionnaire des onomatopées
euh,,dictionnaire des onomatopées
euhe,,dictionnaire des onomatopées
eurk,,dictionnaire des onomatopées
fef,,dictionnaire des onomatopées
fff,,dictionnaire des onomatopées
ffh,,dictionnaire des onomatopées
fft,,dictionnaire des onomatopées
fla,,dictionnaire des onomatopées
flac,,dictionnaire des onomatopées
flaf,,dictionnaire des onomatopées
flan,,dictionnaire des onomatopées
flap,,dictionnaire des onomatopées
flaque,,dictionnaire des onomatopées
flic et floc,,dictionnaire des onomatopées
flic flac,,dictionnaire des onomatopées
flic floc,,dictionnaire des onomatopées
fliouc,,dictionnaire des onomatopées
flip-flap,,dictionnaire des onomatopées
flique-flaque,,dictionnaire des onomatopées
floc,,dictionnaire des onomatopées
floch,,dictionnaire des onomatopées
floche,,dictionnaire des onomatopées
flonflons,,dictionnaire des onomatopées
flop,,dictionnaire des onomatopées
flotch,,dictionnaire des onomatopées
flou flou,,dictionnaire des onomatopées
flouc,,dictionnaire des onomatopées
flouf,,dictionnaire des onomatopées
floup,,dictionnaire des onomatopées
floutch,,dictionnaire des onomatopées
fouf,,dictionnaire des onomatopées
fout,,dictionnaire des onomatopées
frit,,dictionnaire des onomatopées
from from,,dictionnaire des onomatopées
fron fron,,dictionnaire des onomatopées
frou,,dictionnaire des onomatopées
froufrou,,dictionnaire des onomatopées
frou-frou,,dictionnaire des onomatopées
froum froum,,dictionnaire des onomatopées
frout,,dictionnaire des onomatopées
frr,,dictionnaire des onomatopées
frrt,,dictionnaire des onomatopées
frut,,dictionnaire des onomatopées
fu,,dictionnaire des onomatopées
fue,,dictionnaire des onomatopées
fuh,,dictionnaire des onomatopées
fui,,dictionnaire des onomatopées
fut,,dictionnaire des onomatopées
futh,,dictionnaire des onomatopées
giou giou,,dictionnaire des onomatopées
gla gla,,dictionnaire des onomatopées
gli-gli,,dictionnaire des onomatopées
gling,,dictionnaire des onomatopées
gling glang,,dictionnaire des onomatopées
glo glo,,dictionnaire des onomatopées
glop,,dictionnaire des onomatopées
glou glou,,dictionnaire des onomatopées
gloup,,dictionnaire des onomatopées
gloups,,dictionnaire des onomatopées
glup,,dictionnaire des onomatopées
glups,,dictionnaire des onomatopées
glurps,,dictionnaire des onomatopées
goulou-goulou,,dictionnaire des onomatopées
goulp,,dictionnaire des onomatopées
gouzi-gouzi,,dictionnaire des onomatopées
gre gre,,dictionnaire des onomatopées
greu,,dictionnaire des onomatopées
groaw,,dictionnaire des onomatopées
groin-groin,,dictionnaire des onomatopées
grou,,dictionnaire des onomatopées
grou-grou,,dictionnaire des onomatopées
grouic,,dictionnaire des onomatopées
grouïk,,dictionnaire des onomatopées
grouin,,dictionnaire des onomatopées
grr,,dictionnaire des onomatopées
grr grr,,dictionnaire des onomatopées
guili-guili,,dictionnaire des onomatopées
guiling,,dictionnaire des onomatopées
gulp,,dictionnaire des onomatopées
gzi,,dictionnaire des onomatopées
ha,,dictionnaire des onomatopées
ha hou ha,,dictionnaire des onomatopées
hach,,dictionnaire des onomatopées
hagn,,dictionnaire des onomatopées
hagne,,dictionnaire des onomatopées
ham,,dictionnaire des onomatopées
han,,dictionnaire des onomatopées
hang,,dictionnaire des onomatopées
haow,,dictionnaire des onomatopées
hap,,dictionnaire des onomatopées
hatchou,,dictionnaire des onomatopées
haw,,dictionnaire des onomatopées
hé hé,,dictionnaire des onomatopées
hein,,dictionnaire des onomatopées
hem,,dictionnaire des onomatopées
heu,,dictionnaire des onomatopées
heue,,dictionnaire des onomatopées
heum,,dictionnaire des onomatopées
heurgh,,dictionnaire des onomatopées
heurque,,dictionnaire des onomatopées
hi,,dictionnaire des onomatopées
hi han,,dictionnaire des onomatopées
hi hi,,dictionnaire des onomatopées
hic,,dictionnaire des onomatopées
hi-han,,dictionnaire des onomatopées
hin,,dictionnaire des onomatopées
hiou hiou,,dictionnaire des onomatopées
hioup,,dictionnaire des onomatopées
hips,,dictionnaire des onomatopées
hk,,dictionnaire des onomatopées
hmm,,dictionnaire des onomatopées
hmpf,,dictionnaire des onomatopées
ho,,dictionnaire des onomatopées
hô,,dictionnaire des onomatopées
ho ho,,dictionnaire des onomatopées
ho hou,,dictionnaire des onomatopées
hok,,dictionnaire des onomatopées
hompf,,dictionnaire des onomatopées
honhin,,dictionnaire des onomatopées
hop,,dictionnaire des onomatopées
hou,,dictionnaire des onomatopées
hou hou,,dictionnaire des onomatopées
houa,,dictionnaire des onomatopées
houâ,,dictionnaire des onomatopées
houah,,dictionnaire des onomatopées
houin,,dictionnaire des onomatopées
houmpf,,dictionnaire des onomatopées
houp,,dictionnaire des onomatopées
houps,,dictionnaire des onomatopées
hu,,dictionnaire des onomatopées
hû,,dictionnaire des onomatopées
hu hin hi,,dictionnaire des onomatopées
hu hu,,dictionnaire des onomatopées
hug,,dictionnaire des onomatopées
hui hui,,dictionnaire des onomatopées
hum,,dictionnaire des onomatopées
humpf,,dictionnaire des onomatopées
hun,,dictionnaire des onomatopées
hurk,,dictionnaire des onomatopées
iaou,,dictionnaire des onomatopées
ioup,,dictionnaire des onomatopées
ka ka ra ka,,dictionnaire des onomatopées
kaï kaï,,dictionnaire des onomatopées
kan kan,,dictionnaire des onomatopées
kci kci,,dictionnaire des onomatopées
kékéké,,dictionnaire des onomatopées
klik,,dictionnaire des onomatopées
kling,,dictionnaire des onomatopées
klong,,dictionnaire des onomatopées
klop,,dictionnaire des onomatopées
klop klip,,dictionnaire des onomatopées
kokerico,,dictionnaire des onomatopées
kouac,,dictionnaire des onomatopées
koui,,dictionnaire des onomatopées
kouï,,dictionnaire des onomatopées
kouik,,dictionnaire des onomatopées
kra,,dictionnaire des onomatopées
krr krr,,dictionnaire des onomatopées
ksi ksi,,dictionnaire des onomatopées
kss kss,,dictionnaire des onomatopées
léon,,dictionnaire des onomatopées
mé,,dictionnaire des onomatopées
mè,,dictionnaire des onomatopées
mê,,dictionnaire des onomatopées
mée,,dictionnaire des onomatopées
mêe,,dictionnaire des onomatopées
meh,,dictionnaire des onomatopées
mene,,dictionnaire des onomatopées
merrouin,,dictionnaire des onomatopées
meu,,dictionnaire des onomatopées
meuh,,dictionnaire des onomatopées
mff,,dictionnaire des onomatopées
mgnam mgnam,,dictionnaire des onomatopées
mheuw,,dictionnaire des onomatopées
miamiaoux,,dictionnaire des onomatopées
miam-miam,,dictionnaire des onomatopées
miao,,dictionnaire des onomatopées
miaou,,dictionnaire des onomatopées
miaoux,,dictionnaire des onomatopées
miaw,,dictionnaire des onomatopées
mien mien,,dictionnaire des onomatopées
mieum mieum,,dictionnaire des onomatopées
miou,,dictionnaire des onomatopées
mmh,,dictionnaire des onomatopées
mmm,,dictionnaire des onomatopées
mn,,dictionnaire des onomatopées
mne,,dictionnaire des onomatopées
mniam mniam,,dictionnaire des onomatopées
mouaoû,,dictionnaire des onomatopées
mph,,dictionnaire des onomatopées
mrouin,,dictionnaire des onomatopées
mrraw,,dictionnaire des onomatopées
mrrou,,dictionnaire des onomatopées
mrrouing,,dictionnaire des onomatopées
myam myam,,dictionnaire des onomatopées
myaou,,dictionnaire des onomatopées
niam niam,,dictionnaire des onomatopées
nts,,dictionnaire des onomatopées
oa,,dictionnaire des onomatopées
oh oh,,dictionnaire des onomatopées
oin,,dictionnaire des onomatopées
ompf,,dictionnaire des onomatopées
oû,,dictionnaire des onomatopées
oua,,dictionnaire des onomatopées
ouâ,,dictionnaire des onomatopées
oua oua,,dictionnaire des onomatopées
ouab,,dictionnaire des onomatopées
ouach,,dictionnaire des onomatopées
ouaf,,dictionnaire des onomatopées
ouah,,dictionnaire des onomatopées
ouaou,,dictionnaire des onomatopées
ouaouh,,dictionnaire des onomatopées
ouap,,dictionnaire des onomatopées
ouar ouar,,dictionnaire des onomatopées
ouarf,,dictionnaire des onomatopées
ouaw,,dictionnaire des onomatopées
ouerk,,dictionnaire des onomatopées
ouf,,dictionnaire des onomatopées
ouh,,dictionnaire des onomatopées
ouh ouh,,dictionnaire des onomatopées
ouhe,,dictionnaire des onomatopées
ouille,,dictionnaire des onomatopées
ouin,,dictionnaire des onomatopées
ouiz,,dictionnaire des onomatopées
oups,,dictionnaire des onomatopées
oye,,dictionnaire des onomatopées
paf,,dictionnaire des onomatopées
pah,,dictionnaire des onomatopées
pâh,,dictionnaire des onomatopées
pam,,dictionnaire des onomatopées
pan,,dictionnaire des onomatopées
pang,,dictionnaire des onomatopées
pan-pan,,dictionnaire des onomatopées
papapa,,dictionnaire des onomatopées
papoum,,dictionnaire des onomatopées
papoum papoum,,dictionnaire des onomatopées
paratatrac,,dictionnaire des onomatopées
patapan,,dictionnaire des onomatopées
pataplan,,dictionnaire des onomatopées
patapon,,dictionnaire des onomatopées
patapoum,,dictionnaire des onomatopées
patatatrat,,dictionnaire des onomatopées
patatra,,dictionnaire des onomatopées
patatrac,,dictionnaire des onomatopées
patatraque,,dictionnaire des onomatopées
patatras,,dictionnaire des onomatopées
patatrot,,dictionnaire des onomatopées
pauf,,dictionnaire des onomatopées
pch,,dictionnaire des onomatopées
pchi,,dictionnaire des onomatopées
pchit,,dictionnaire des onomatopées
pchite,,dictionnaire des onomatopées
pcht,,dictionnaire des onomatopées
pchut,,dictionnaire des onomatopées
peng,,dictionnaire des onomatopées
pfeu,,dictionnaire des onomatopées
pfeuft,,dictionnaire des onomatopées
pfeuh,,dictionnaire des onomatopées
pff,,dictionnaire des onomatopées
pfhou,,dictionnaire des onomatopées
pflac,,dictionnaire des onomatopées
pflaf,,dictionnaire des onomatopées
pflag,,dictionnaire des onomatopées
pfloc,,dictionnaire des onomatopées
pfo,,dictionnaire des onomatopées
pfou,,dictionnaire des onomatopées
pfouh,,dictionnaire des onomatopées
pfrout,,dictionnaire des onomatopées
pft,,dictionnaire des onomatopées
pfu,,dictionnaire des onomatopées
pfuft,,dictionnaire des onomatopées
pfuh,,dictionnaire des onomatopées
pfui,,dictionnaire des onomatopées
pfuit,,dictionnaire des onomatopées
pfuith,,dictionnaire des onomatopées
pfut,,dictionnaire des onomatopées
pfût,,dictionnaire des onomatopées
pfwit,,dictionnaire des onomatopées
ph,,dictionnaire des onomatopées
phou,,dictionnaire des onomatopées
phouh,,dictionnaire des onomatopées
phu,,dictionnaire des onomatopées
phui,,dictionnaire des onomatopées
phut,,dictionnaire des onomatopées
pi pi,,dictionnaire des onomatopées
pia-pia,,dictionnaire des onomatopées
piche,,dictionnaire des onomatopées
pie-ü,,dictionnaire des onomatopées
pif,,dictionnaire des onomatopées
pif paf,,dictionnaire des onomatopées
pif paf pouf,,dictionnaire des onomatopées
pif-pof,,dictionnaire des onomatopées
pi-huit,,dictionnaire des onomatopées
pille,,dictionnaire des onomatopées
pil-ouit,,dictionnaire des onomatopées
pim,,dictionnaire des onomatopées
pim pam poum,,dictionnaire des onomatopées
pim poum,,dictionnaire des onomatopées
pimpon,,dictionnaire des onomatopées
pin pan pon,,dictionnaire des onomatopées
ping,,dictionnaire des onomatopées
pinpon,,dictionnaire des onomatopées
piou,,dictionnaire des onomatopées
piou piou,,dictionnaire des onomatopées
pi-ouit,,dictionnaire des onomatopées
pirouite,,dictionnaire des onomatopées
pit,,dictionnaire des onomatopées
pi-u,,dictionnaire des onomatopées
pla,,dictionnaire des onomatopées
plac,,dictionnaire des onomatopées
plaf,,dictionnaire des onomatopées
plan,,dictionnaire des onomatopées
plang,,dictionnaire des onomatopées
plaouf,,dictionnaire des onomatopées
plaoutch,,dictionnaire des onomatopées
plap,,dictionnaire des onomatopées
platch,,dictionnaire des onomatopées
plic,,dictionnaire des onomatopées
plic plac,,dictionnaire des onomatopées
plic ploc,,dictionnaire des onomatopées
plik plok,,dictionnaire des onomatopées
plin plan,,dictionnaire des onomatopées
pling,,dictionnaire des onomatopées
ploc,,dictionnaire des onomatopées
plof,,dictionnaire des onomatopées
plôf,,dictionnaire des onomatopées
plon plon,,dictionnaire des onomatopées
plop,,dictionnaire des onomatopées
ploque plique,,dictionnaire des onomatopées
plouc,,dictionnaire des onomatopées
plouf,,dictionnaire des onomatopées
ploum ploum tralala,,dictionnaire des onomatopées
ploum plum,,dictionnaire des onomatopées
ploup,,dictionnaire des onomatopées
pluc,,dictionnaire des onomatopées
plum plum tagada,,dictionnaire des onomatopées
poc,,dictionnaire des onomatopées
pof,,dictionnaire des onomatopées
pom,,dictionnaire des onomatopées
pom tchouc,,dictionnaire des onomatopées
pon,,dictionnaire des onomatopées
pong,,dictionnaire des onomatopées
pon-pon,,dictionnaire des onomatopées
pop,,dictionnaire des onomatopées
poq,,dictionnaire des onomatopées
pot,,dictionnaire des onomatopées
pouaim pouaim,,dictionnaire des onomatopées
pou-chou,,dictionnaire des onomatopées
pouet pouet,,dictionnaire des onomatopées
pouët pouët,,dictionnaire des onomatopées
pouêtte,,dictionnaire des onomatopées
pouf,,dictionnaire des onomatopées
pouic,,dictionnaire des onomatopées
pouin pouin,,dictionnaire des onomatopées
poum,,dictionnaire des onomatopées
poum pa pa,,dictionnaire des onomatopées
poum tchac,,dictionnaire des onomatopées
poun,,dictionnaire des onomatopées
pout,,dictionnaire des onomatopées
prou,,dictionnaire des onomatopées
prouât,,dictionnaire des onomatopées
proum,,dictionnaire des onomatopées
prout,,dictionnaire des onomatopées
prouth,,dictionnaire des onomatopées
prr,,dictionnaire des onomatopées
prrt,,dictionnaire des onomatopées
pruh,,dictionnaire des onomatopées
psch,,dictionnaire des onomatopées
pschi,,dictionnaire des onomatopées
pschit,,dictionnaire des onomatopées
pscht,,dictionnaire des onomatopées
pschut,,dictionnaire des onomatopées
psh,,dictionnaire des onomatopées
psheu,,dictionnaire des onomatopées
psht,,dictionnaire des onomatopées
pshuit,,dictionnaire des onomatopées
pshut,,dictionnaire des onomatopées
psi,,dictionnaire des onomatopées
psi psi,,dictionnaire des onomatopées
psit,,dictionnaire des onomatopées
pss,,dictionnaire des onomatopées
pss pss,,dictionnaire des onomatopées
pst,,dictionnaire des onomatopées
ptoui,,dictionnaire des onomatopées
ptt,,dictionnaire des onomatopées
ptu,,dictionnaire des onomatopées
puf,,dictionnaire des onomatopées
quanquan,,dictionnaire des onomatopées
quéquête,,dictionnaire des onomatopées
quot quot,,dictionnaire des onomatopées
ra,,dictionnaire des onomatopées
rah,,dictionnaire des onomatopées
rampataplan,,dictionnaire des onomatopées
ran,,dictionnaire des onomatopées
ran plan plan,,dictionnaire des onomatopées
ranpataplan,,dictionnaire des onomatopées
rantamplan,,dictionnaire des onomatopées
rantanplan,,dictionnaire des onomatopées
raoom,,dictionnaire des onomatopées
raou,,dictionnaire des onomatopées
raoul,,dictionnaire des onomatopées
raoum,,dictionnaire des onomatopées
raow,,dictionnaire des onomatopées
rapataplan,,dictionnaire des onomatopées
ratapataplan,,dictionnaire des onomatopées
rataplan,,dictionnaire des onomatopées
ratata,,dictionnaire des onomatopées
rerere,,dictionnaire des onomatopées
reuh,,dictionnaire des onomatopées
rha,,dictionnaire des onomatopées
rhâ,,dictionnaire des onomatopées
rhah,,dictionnaire des onomatopées
rhan,,dictionnaire des onomatopées
rin,,dictionnaire des onomatopées
ring,,dictionnaire des onomatopées
rlan,,dictionnaire des onomatopées
rlantanplan,,dictionnaire des onomatopées
rli et rlan,,dictionnaire des onomatopées
ron,,dictionnaire des onomatopées
rou rou,,dictionnaire des onomatopées
rouah,,dictionnaire des onomatopées
roucoucou,,dictionnaire des onomatopées
rouef,,dictionnaire des onomatopées
rra,,dictionnaire des onomatopées
rrh,,dictionnaire des onomatopées
rrho,,dictionnaire des onomatopées
rrr,,dictionnaire des onomatopées
rwa,,dictionnaire des onomatopées
sch,,dictionnaire des onomatopées
schlac,,dictionnaire des onomatopées
schlack,,dictionnaire des onomatopées
schlaf,,dictionnaire des onomatopées
schlag,,dictionnaire des onomatopées
schlak,,dictionnaire des onomatopées
schloup,,dictionnaire des onomatopées
schlup,,dictionnaire des onomatopées
schlurp,,dictionnaire des onomatopées
schplaf,,dictionnaire des onomatopées
scouic,,dictionnaire des onomatopées
scrotch,,dictionnaire des onomatopées
shô,,dictionnaire des onomatopées
skouic,,dictionnaire des onomatopées
slac,,dictionnaire des onomatopées
sloup,,dictionnaire des onomatopées
sluirp,,dictionnaire des onomatopées
slup,,dictionnaire des onomatopées
slurp,,dictionnaire des onomatopées
smac,,dictionnaire des onomatopées
smack,,dictionnaire des onomatopées
snif,,dictionnaire des onomatopées
sniff,,dictionnaire des onomatopées
splach,,dictionnaire des onomatopées
splaf,,dictionnaire des onomatopées
splapf,,dictionnaire des onomatopées
splasch,,dictionnaire des onomatopées
splash,,dictionnaire des onomatopées
splatch,,dictionnaire des onomatopées
splich splach,,dictionnaire des onomatopées
t,,dictionnaire des onomatopées
ta,,dictionnaire des onomatopées
ta ta ta,,dictionnaire des onomatopées
tac,,dictionnaire des onomatopées
tacata,,dictionnaire des onomatopées
tacatac,,dictionnaire des onomatopées
tack,,dictionnaire des onomatopées
tac-tagada-ta-panpan,,dictionnaire des onomatopées
tagada,,dictionnaire des onomatopées
tagada panpan,,dictionnaire des onomatopées
tagada tsoin tsoin,,dictionnaire des onomatopées
tagadac,,dictionnaire des onomatopées
tagadagada,,dictionnaire des onomatopées
tagadam,,dictionnaire des onomatopées
tagadan,,dictionnaire des onomatopées
tagalan,,dictionnaire des onomatopées
tah tah,,dictionnaire des onomatopées
tap tap,,dictionnaire des onomatopées
tapatap,,dictionnaire des onomatopées
tapon tapon,,dictionnaire des onomatopées
taratata,,dictionnaire des onomatopées
ta-tagada-ta-panpan,,dictionnaire des onomatopées
tatata,,dictionnaire des onomatopées
tatata ti,,dictionnaire des onomatopées
tch,,dictionnaire des onomatopées
tchac,,dictionnaire des onomatopées
tchac poum,,dictionnaire des onomatopées
tchaf,,dictionnaire des onomatopées
tchak,,dictionnaire des onomatopées
tchakatchak,,dictionnaire des onomatopées
tché,,dictionnaire des onomatopées
tchi,,dictionnaire des onomatopées
tchi tchi,,dictionnaire des onomatopées
tchiac,,dictionnaire des onomatopées
tchic,,dictionnaire des onomatopées
tchic tchac,,dictionnaire des onomatopées
tchit,,dictionnaire des onomatopées
tchou tchou,,dictionnaire des onomatopées
tchouck tchouk,,dictionnaire des onomatopées
tchouf tchouf,,dictionnaire des onomatopées
tchouk tehou,,dictionnaire des onomatopées
tcht,,dictionnaire des onomatopées
tchu,,dictionnaire des onomatopées
tchut,,dictionnaire des onomatopées
tehoum,,dictionnaire des onomatopées
teuf-teuf,,dictionnaire des onomatopées
thump-thump,,dictionnaire des onomatopées
ti,,dictionnaire des onomatopées
tic,,dictionnaire des onomatopées
tic tac toc,,dictionnaire des onomatopées
tic-tac,,dictionnaire des onomatopées
tic-toc,,dictionnaire des onomatopées
tin tin,,dictionnaire des onomatopées
ting,,dictionnaire des onomatopées
tink,,dictionnaire des onomatopées
tip tap,,dictionnaire des onomatopées
tip tip,,dictionnaire des onomatopées
tique,,dictionnaire des onomatopées
tireli,,dictionnaire des onomatopées
tirili,,dictionnaire des onomatopées
tirlili,,dictionnaire des onomatopées
tit,,dictionnaire des onomatopées
titi tata,,dictionnaire des onomatopées
tititi tata,,dictionnaire des onomatopées
toc,,dictionnaire des onomatopées
tom-tom,,dictionnaire des onomatopées
top,,dictionnaire des onomatopées
tot,,dictionnaire des onomatopées
tougoudoug,,dictionnaire des onomatopées
tout,,dictionnaire des onomatopées
trap,,dictionnaire des onomatopées
tring,,dictionnaire des onomatopées
trit,,dictionnaire des onomatopées
trr,,dictionnaire des onomatopées
tsik,,dictionnaire des onomatopées
tsim,,dictionnaire des onomatopées
tsin,,dictionnaire des onomatopées
tsine,,dictionnaire des onomatopées
tsing,,dictionnaire des onomatopées
tsink,,dictionnaire des onomatopées
tsoin-tsoin,,dictionnaire des onomatopées
tsouin-tsouin,,dictionnaire des onomatopées
tss,,dictionnaire des onomatopées
tst,,dictionnaire des onomatopées
tt,,dictionnaire des onomatopées
tu tu,,dictionnaire des onomatopées
tû tû,,dictionnaire des onomatopées
tuit tuit,,dictionnaire des onomatopées
tui-tui,,dictionnaire des onomatopées
tut,,dictionnaire des onomatopées
tût,,dictionnaire des onomatopées
tutte,,dictionnaire des onomatopées
tutu-panpan,,dictionnaire des onomatopées
tututte,,dictionnaire des onomatopées
tzim,,dictionnaire des onomatopées
tzing,,dictionnaire des onomatopées
tziou,,dictionnaire des onomatopées
ugh,,dictionnaire des onomatopées
uh,,dictionnaire des onomatopées
uit,,dictionnaire des onomatopées
uitte,,dictionnaire des onomatopées
uu,,dictionnaire des onomatopées
vff,,dictionnaire des onomatopées
vlac,,dictionnaire des onomatopées
vlaf,,dictionnaire des onomatopées
vlam,,dictionnaire des onomatopées
vlan,,dictionnaire des onomatopées
vlang,,dictionnaire des onomatopées
vlaouf,,dictionnaire des onomatopées
vli vlan,,dictionnaire des onomatopées
vlim vlam,,dictionnaire des onomatopées
vlin vlan,,dictionnaire des onomatopées
vling vlan,,dictionnaire des onomatopées
vlof,,dictionnaire des onomatopées
vloof,,dictionnaire des onomatopées
vlop,,dictionnaire des onomatopées
vlouf,,dictionnaire des onomatopées
vloup,,dictionnaire des onomatopées
vouah,,dictionnaire des onomatopées
vouaou,,dictionnaire des onomatopées
vouf,,dictionnaire des onomatopées
vouit,,dictionnaire des onomatopées
vouivoui,,dictionnaire des onomatopées
vra,,dictionnaire des onomatopées
vran,,dictionnaire des onomatopées
vraou,,dictionnaire des onomatopées
vraouf,,dictionnaire des onomatopées
vraoum,,dictionnaire des onomatopées
vrin,,dictionnaire des onomatopées
vrit,,dictionnaire des onomatopées
vrom,,dictionnaire des onomatopées
vroom,,dictionnaire des onomatopées
vrouf,,dictionnaire des onomatopées
vrouh,,dictionnaire des onomatopées
vroum,,dictionnaire des onomatopées
vroum vroum,,dictionnaire des onomatopées
vrout,,dictionnaire des onomatopées
vrr,,dictionnaire des onomatopées
vrrt,,dictionnaire des onomatopées
vrum,,dictionnaire des onomatopées
vzi,,dictionnaire des onomatopées
vzif,,dictionnaire des onomatopées
vziou,,dictionnaire des onomatopées
vzit,,dictionnaire des onomatopées
vzy,,dictionnaire des onomatopées
vzz,,dictionnaire des onomatopées
waf,,dictionnaire des onomatopées
wah,,dictionnaire des onomatopées
wahou,,dictionnaire des onomatopées
wah-wah,,dictionnaire des onomatopées
wao,,dictionnaire des onomatopées
waoh,,dictionnaire des onomatopées
waouh,,dictionnaire des onomatopées
waouw,,dictionnaire des onomatopées
waow,,dictionnaire des onomatopées
waw,,dictionnaire des onomatopées
wa-wa,,dictionnaire des onomatopées
wham,,dictionnaire des onomatopées
whao,,dictionnaire des onomatopées
wharf,,dictionnaire des onomatopées
whiz,,dictionnaire des onomatopées
whoops,,dictionnaire des onomatopées
whou,,dictionnaire des onomatopées
whouah,,dictionnaire des onomatopées
whoups,,dictionnaire des onomatopées
wiz,,dictionnaire des onomatopées
wlaouf,,dictionnaire des onomatopées
woaou,,dictionnaire des onomatopées
woops,,dictionnaire des onomatopées
woowoo,,dictionnaire des onomatopées
wou,,dictionnaire des onomatopées
wou ouh ouh,,dictionnaire des onomatopées
woua,,dictionnaire des onomatopées
wouaf,,dictionnaire des onomatopées
wouah,,dictionnaire des onomatopées
wouahah,,dictionnaire des onomatopées
wouaou,,dictionnaire des onomatopées
wouhao,,dictionnaire des onomatopées
wouin,,dictionnaire des onomatopées
wouit,,dictionnaire des onomatopées
woups,,dictionnaire des onomatopées
wouw,,dictionnaire des onomatopées
wow,,dictionnaire des onomatopées
wrah,,dictionnaire des onomatopées
wrao,,dictionnaire des onomatopées
wraou,,dictionnaire des onomatopées
wrum,,dictionnaire des onomatopées
wuit,,dictionnaire des onomatopées
x x,,dictionnaire des onomatopées
xi xi,,dictionnaire des onomatopées
xie xie,,dictionnaire des onomatopées
xrr xrr,,dictionnaire des onomatopées
youp,,dictionnaire des onomatopées
zi,,dictionnaire des onomatopées
zi zi,,dictionnaire des onomatopées
zim,,dictionnaire des onomatopées
zim badaboum,,dictionnaire des onomatopées
zim boum,,dictionnaire des onomatopées
zim boum boum,,dictionnaire des onomatopées
zim la boum,,dictionnaire des onomatopées
zimz,,dictionnaire des onomatopées
zin zin,,dictionnaire des onomatopées
zing,,dictionnaire des onomatopées
zinzin,,dictionnaire des onomatopées
zip,,dictionnaire des onomatopées
zip zap,,dictionnaire des onomatopées
ziu,,dictionnaire des onomatopées
zizi boum boum,,dictionnaire des onomatopées
zizi panpan,,dictionnaire des onomatopées
zon,,dictionnaire des onomatopées
zonzon,,dictionnaire des onomatopées
zop,,dictionnaire des onomatopées
zouip,,dictionnaire des onomatopées
zoum,,dictionnaire des onomatopées
zoup,,dictionnaire des onomatopées
zp,,dictionnaire des onomatopées
zum,,dictionnaire des onomatopées
zwip,,dictionnaire des onomatopées
zwit,,dictionnaire des onomatopées
zwiz,,dictionnaire des onomatopées
zzss,,dictionnaire des onomatopées
zzz,,dictionnaire des onomatopées
pss pss pst,,http://www.les-onomatopees.fr/liste-onomatopees.php
pssshh,,http://www.les-onomatopees.fr/liste-onomatopees.php
psst,,http://www.les-onomatopees.fr/liste-onomatopees.php
ptui,,http://www.les-onomatopees.fr/liste-onomatopees.php
puahh,,http://www.les-onomatopees.fr/liste-onomatopees.php
put,,http://www.les-onomatopees.fr/liste-onomatopees.php
put put put,,http://www.les-onomatopees.fr/liste-onomatopees.php
raaah,,http://www.les-onomatopees.fr/liste-onomatopees.php
raah,,http://www.les-onomatopees.fr/liste-onomatopees.php
ragogner,,http://www.les-onomatopees.fr/liste-onomatopees.php
ragoulement,,http://www.les-onomatopees.fr/liste-onomatopees.php
rat,,http://www.les-onomatopees.fr/liste-onomatopees.php
ra-ta-ta-ta,,http://www.les-onomatopees.fr/liste-onomatopees.php
ratatatata,,http://www.les-onomatopees.fr/liste-onomatopees.php
reum,,http://www.les-onomatopees.fr/liste-onomatopees.php
ric-rac,,http://www.les-onomatopees.fr/liste-onomatopees.php
riquiqui,,http://www.les-onomatopees.fr/liste-onomatopees.php
roaaar,,http://www.les-onomatopees.fr/liste-onomatopees.php
rogner,,http://www.les-onomatopees.fr/liste-onomatopees.php
rombier,,http://www.les-onomatopees.fr/liste-onomatopees.php
ron ron,,http://www.les-onomatopees.fr/liste-onomatopees.php
ronfler,,http://www.les-onomatopees.fr/liste-onomatopees.php
ronron,,http://www.les-onomatopees.fr/liste-onomatopees.php
ron-ron,,http://www.les-onomatopees.fr/liste-onomatopees.php
roooo,,http://www.les-onomatopees.fr/liste-onomatopees.php
rouaf,,http://www.les-onomatopees.fr/liste-onomatopees.php
rouar,,http://www.les-onomatopees.fr/liste-onomatopees.php
roucouler,,http://www.les-onomatopees.fr/liste-onomatopees.php
rou-hou,,http://www.les-onomatopees.fr/liste-onomatopees.php
roupiller,,http://www.les-onomatopees.fr/liste-onomatopees.php
rran,,http://www.les-onomatopees.fr/liste-onomatopees.php
rrran,,http://www.les-onomatopees.fr/liste-onomatopees.php
rrrr,,http://www.les-onomatopees.fr/liste-onomatopees.php
rrrrr,,http://www.les-onomatopees.fr/liste-onomatopees.php
sbaf,,http://www.les-onomatopees.fr/liste-onomatopees.php
sblaf,,http://www.les-onomatopees.fr/liste-onomatopees.php
schtlak,,http://www.les-onomatopees.fr/liste-onomatopees.php
scraaaatch,,http://www.les-onomatopees.fr/liste-onomatopees.php
scratch,,http://www.les-onomatopees.fr/liste-onomatopees.php
scratch-scratch,,http://www.les-onomatopees.fr/liste-onomatopees.php
scritch,,http://www.les-onomatopees.fr/liste-onomatopees.php
scrogneugneu,,http://www.les-onomatopees.fr/liste-onomatopees.php
scrrr,,http://www.les-onomatopees.fr/liste-onomatopees.php
shrakt,,http://www.les-onomatopees.fr/liste-onomatopees.php
slam,,http://www.les-onomatopees.fr/liste-onomatopees.php
slash,,http://www.les-onomatopees.fr/liste-onomatopees.php
slof,,http://www.les-onomatopees.fr/liste-onomatopees.php
slosh,,http://www.les-onomatopees.fr/liste-onomatopees.php
snif-snif,,http://www.les-onomatopees.fr/liste-onomatopees.php
spank,,http://www.les-onomatopees.fr/liste-onomatopees.php
splat,,http://www.les-onomatopees.fr/liste-onomatopees.php
splotch,,http://www.les-onomatopees.fr/liste-onomatopees.php
sploush,,http://www.les-onomatopees.fr/liste-onomatopees.php
sproutch,,http://www.les-onomatopees.fr/liste-onomatopees.php
srunch,,http://www.les-onomatopees.fr/liste-onomatopees.php
sss,,http://www.les-onomatopees.fr/liste-onomatopees.php
ssssss,,http://www.les-onomatopees.fr/liste-onomatopees.php
tac-tac,,http://www.les-onomatopees.fr/liste-onomatopees.php
tactactac,,http://www.les-onomatopees.fr/liste-onomatopees.php
tada,,http://www.les-onomatopees.fr/liste-onomatopees.php
tadam,,http://www.les-onomatopees.fr/liste-onomatopees.php
tadam tadam,,http://www.les-onomatopees.fr/liste-onomatopees.php
ta-da-tamam ta-da-tamam,,http://www.les-onomatopees.fr/liste-onomatopees.php
tagada tagada tagada,,http://www.les-onomatopees.fr/liste-onomatopees.php
tagada tsoin-tsoin,,http://www.les-onomatopees.fr/liste-onomatopees.php
tagada tsouin tsouin,,http://www.les-onomatopees.fr/liste-onomatopees.php
tamtam,,http://www.les-onomatopees.fr/liste-onomatopees.php
tam-tam,,http://www.les-onomatopees.fr/liste-onomatopees.php
tap,,http://www.les-onomatopees.fr/liste-onomatopees.php
tap tap tap,,http://www.les-onomatopees.fr/liste-onomatopees.php
taper,,http://www.les-onomatopees.fr/liste-onomatopees.php
taquet,,http://www.les-onomatopees.fr/liste-onomatopees.php
tarare,,http://www.les-onomatopees.fr/liste-onomatopees.php
tarin,,http://www.les-onomatopees.fr/liste-onomatopees.php
tatactatoum,,http://www.les-onomatopees.fr/liste-onomatopees.php
tatasser,,http://www.les-onomatopees.fr/liste-onomatopees.php
tatatam,,http://www.les-onomatopees.fr/liste-onomatopees.php
tatatata,,http://www.les-onomatopees.fr/liste-onomatopees.php
tch tch tch,,http://www.les-onomatopees.fr/liste-onomatopees.php
tchhop,,http://www.les-onomatopees.fr/liste-onomatopees.php
tchip,,http://www.les-onomatopees.fr/liste-onomatopees.php
tchou-tchou,,http://www.les-onomatopees.fr/liste-onomatopees.php
tiauler,,http://www.les-onomatopees.fr/liste-onomatopees.php
tic tac,,http://www.les-onomatopees.fr/liste-onomatopees.php
tic tac tic tac,,http://www.les-onomatopees.fr/liste-onomatopees.php
tictac,,http://www.les-onomatopees.fr/liste-onomatopees.php
tin,,http://www.les-onomatopees.fr/liste-onomatopees.php
tiou-tiou,,http://www.les-onomatopees.fr/liste-onomatopees.php
tip,,http://www.les-onomatopees.fr/liste-onomatopees.php
titiri,,http://www.les-onomatopees.fr/liste-onomatopees.php
titrec,,http://www.les-onomatopees.fr/liste-onomatopees.php
toc toc toc,,http://www.les-onomatopees.fr/liste-onomatopees.php
toc-toc,,http://www.les-onomatopees.fr/liste-onomatopees.php
toper,,http://www.les-onomatopees.fr/liste-onomatopees.php
tra la la,,http://www.les-onomatopees.fr/liste-onomatopees.php
tra la lère,,http://www.les-onomatopees.fr/liste-onomatopees.php
trac,,http://www.les-onomatopees.fr/liste-onomatopees.php
tralala,,http://www.les-onomatopees.fr/liste-onomatopees.php
tralala itou,,http://www.les-onomatopees.fr/liste-onomatopees.php
traquet,,http://www.les-onomatopees.fr/liste-onomatopees.php
triiii,,http://www.les-onomatopees.fr/liste-onomatopees.php
triiit,,http://www.les-onomatopees.fr/liste-onomatopees.php
trilili,,http://www.les-onomatopees.fr/liste-onomatopees.php
tshhh,,http://www.les-onomatopees.fr/liste-onomatopees.php
tumb,,http://www.les-onomatopees.fr/liste-onomatopees.php
tu-tu-ban-ban,,http://www.les-onomatopees.fr/liste-onomatopees.php
tuuut,,http://www.les-onomatopees.fr/liste-onomatopees.php
uh-uh,,http://www.les-onomatopees.fr/liste-onomatopees.php
urg,,http://www.les-onomatopees.fr/liste-onomatopees.php
vite,,http://www.les-onomatopees.fr/liste-onomatopees.php
viuuuu,,http://www.les-onomatopees.fr/liste-onomatopees.php
vouh,,http://www.les-onomatopees.fr/liste-onomatopees.php
vroaaar,,http://www.les-onomatopees.fr/liste-onomatopees.php
vrooom,,http://www.les-onomatopees.fr/liste-onomatopees.php
vrooooo,,http://www.les-onomatopees.fr/liste-onomatopees.php
vrrr,,http://www.les-onomatopees.fr/liste-onomatopees.php
vrrrrrr,,http://www.les-onomatopees.fr/liste-onomatopees.php
whaf,,http://www.les-onomatopees.fr/liste-onomatopees.php
whoooah,,http://www.les-onomatopees.fr/liste-onomatopees.php
whouaaah,,http://www.les-onomatopees.fr/liste-onomatopees.php
whouaf,,http://www.les-onomatopees.fr/liste-onomatopees.php
whouhaou,,http://www.les-onomatopees.fr/liste-onomatopees.php
whouuu,,http://www.les-onomatopees.fr/liste-onomatopees.php
wooov,,http://www.les-onomatopees.fr/liste-onomatopees.php
wouaf wouaf,,http://www.les-onomatopees.fr/liste-onomatopees.php
wouf,,http://www.les-onomatopees.fr/liste-onomatopees.php
wouuuh,,http://www.les-onomatopees.fr/liste-onomatopees.php
wuah,,http://www.les-onomatopees.fr/liste-onomatopees.php
yahou,,http://www.les-onomatopees.fr/liste-onomatopees.php
yééééééh,,http://www.les-onomatopees.fr/liste-onomatopees.php
yep,,http://www.les-onomatopees.fr/liste-onomatopees.php
youpee,,http://www.les-onomatopees.fr/liste-onomatopees.php
youpi,,http://www.les-onomatopees.fr/liste-onomatopees.php
youyou,,http://www.les-onomatopees.fr/liste-onomatopees.php
zap,,http://www.les-onomatopees.fr/liste-onomatopees.php
zdoïng,,http://www.les-onomatopees.fr/liste-onomatopees.php
zgrunt,,http://www.les-onomatopees.fr/liste-onomatopees.php
ziiip,,http://www.les-onomatopees.fr/liste-onomatopees.php
zin,,http://www.les-onomatopees.fr/liste-onomatopees.php
zzzt,,http://www.les-onomatopees.fr/liste-onomatopees.php
zzzzz,,http://www.les-onomatopees.fr/liste-onomatopees.php
glomp,,https://collegefrancais8.weebly.com/uploads/8/7/3/6/87366548/les_onomatop%C3%A9es_et_les_id%C3%A9ogrammes.pdf
glouglou,,https://collegefrancais8.weebly.com/uploads/8/7/3/6/87366548/les_onomatop%C3%A9es_et_les_id%C3%A9ogrammes.pdf
dzzzing,,https://collegefrancais8.weebly.com/uploads/8/7/3/6/87366548/les_onomatop%C3%A9es_et_les_id%C3%A9ogrammes.pdf
gloup-gloup,,https://collegefrancais8.weebly.com/uploads/8/7/3/6/87366548/les_onomatop%C3%A9es_et_les_id%C3%A9ogrammes.pdf
glousser,,https://collegefrancais8.weebly.com/uploads/8/7/3/6/87366548/les_onomatop%C3%A9es_et_les_id%C3%A9ogrammes.pdf
eh oh,,https://collegefrancais8.weebly.com/uploads/8/7/3/6/87366548/les_onomatop%C3%A9es_et_les_id%C3%A9ogrammes.pdf
glurb,,https://collegefrancais8.weebly.com/uploads/8/7/3/6/87366548/les_onomatop%C3%A9es_et_les_id%C3%A9ogrammes.pdf
gnac gnac gnac,,https://collegefrancais8.weebly.com/uploads/8/7/3/6/87366548/les_onomatop%C3%A9es_et_les_id%C3%A9ogrammes.pdf
gnagna,,https://collegefrancais8.weebly.com/uploads/8/7/3/6/87366548/les_onomatop%C3%A9es_et_les_id%C3%A9ogrammes.pdf
gnagnagna,,https://collegefrancais8.weebly.com/uploads/8/7/3/6/87366548/les_onomatop%C3%A9es_et_les_id%C3%A9ogrammes.pdf
gnan,,https://collegefrancais8.weebly.com/uploads/8/7/3/6/87366548/les_onomatop%C3%A9es_et_les_id%C3%A9ogrammes.pdf
gnangnan,,https://collegefrancais8.weebly.com/uploads/8/7/3/6/87366548/les_onomatop%C3%A9es_et_les_id%C3%A9ogrammes.pdf
gnap,,https://collegefrancais8.weebly.com/uploads/8/7/3/6/87366548/les_onomatop%C3%A9es_et_les_id%C3%A9ogrammes.pdf
gné,,https://collegefrancais8.weebly.com/uploads/8/7/3/6/87366548/les_onomatop%C3%A9es_et_les_id%C3%A9ogrammes.pdf
gnegnagna,,https://collegefrancais8.weebly.com/uploads/8/7/3/6/87366548/les_onomatop%C3%A9es_et_les_id%C3%A9ogrammes.pdf
eho,,https://collegefrancais8.weebly.com/uploads/8/7/3/6/87366548/les_onomatop%C3%A9es_et_les_id%C3%A9ogrammes.pdf
gneuffff,,https://collegefrancais8.weebly.com/uploads/8/7/3/6/87366548/les_onomatop%C3%A9es_et_les_id%C3%A9ogrammes.pdf
gnian,,https://collegefrancais8.weebly.com/uploads/8/7/3/6/87366548/les_onomatop%C3%A9es_et_les_id%C3%A9ogrammes.pdf
gniéy,,https://collegefrancais8.weebly.com/uploads/8/7/3/6/87366548/les_onomatop%C3%A9es_et_les_id%C3%A9ogrammes.pdf
gong,,https://collegefrancais8.weebly.com/uploads/8/7/3/6/87366548/les_onomatop%C3%A9es_et_les_id%C3%A9ogrammes.pdf
gouzigouzi,,https://collegefrancais8.weebly.com/uploads/8/7/3/6/87366548/les_onomatop%C3%A9es_et_les_id%C3%A9ogrammes.pdf
gram,,https://collegefrancais8.weebly.com/uploads/8/7/3/6/87366548/les_onomatop%C3%A9es_et_les_id%C3%A9ogrammes.pdf
grat-grat,,https://collegefrancais8.weebly.com/uploads/8/7/3/6/87366548/les_onomatop%C3%A9es_et_les_id%C3%A9ogrammes.pdf
gratt-gratt,,https://collegefrancais8.weebly.com/uploads/8/7/3/6/87366548/les_onomatop%C3%A9es_et_les_id%C3%A9ogrammes.pdf
groarrr,,https://collegefrancais8.weebly.com/uploads/8/7/3/6/87366548/les_onomatop%C3%A9es_et_les_id%C3%A9ogrammes.pdf
groin,,https://collegefrancais8.weebly.com/uploads/8/7/3/6/87366548/les_onomatop%C3%A9es_et_les_id%C3%A9ogrammes.pdf
groin groin,,https://collegefrancais8.weebly.com/uploads/8/7/3/6/87366548/les_onomatop%C3%A9es_et_les_id%C3%A9ogrammes.pdf
gron,,https://collegefrancais8.weebly.com/uploads/8/7/3/6/87366548/les_onomatop%C3%A9es_et_les_id%C3%A9ogrammes.pdf
grouik grouik,,https://collegefrancais8.weebly.com/uploads/8/7/3/6/87366548/les_onomatop%C3%A9es_et_les_id%C3%A9ogrammes.pdf
grouik-grouik,,https://collegefrancais8.weebly.com/uploads/8/7/3/6/87366548/les_onomatop%C3%A9es_et_les_id%C3%A9ogrammes.pdf
erck,,https://collegefrancais8.weebly.com/uploads/8/7/3/6/87366548/les_onomatop%C3%A9es_et_les_id%C3%A9ogrammes.pdf
grrr,,https://collegefrancais8.weebly.com/uploads/8/7/3/6/87366548/les_onomatop%C3%A9es_et_les_id%C3%A9ogrammes.pdf
grrreumunf,,https://collegefrancais8.weebly.com/uploads/8/7/3/6/87366548/les_onomatop%C3%A9es_et_les_id%C3%A9ogrammes.pdf
gruîîî,,https://collegefrancais8.weebly.com/uploads/8/7/3/6/87366548/les_onomatop%C3%A9es_et_les_id%C3%A9ogrammes.pdf
gruik gruik,,https://collegefrancais8.weebly.com/uploads/8/7/3/6/87366548/les_onomatop%C3%A9es_et_les_id%C3%A9ogrammes.pdf
gruiker,,https://collegefrancais8.weebly.com/uploads/8/7/3/6/87366548/les_onomatop%C3%A9es_et_les_id%C3%A9ogrammes.pdf
gruikerie,,https://collegefrancais8.weebly.com/uploads/8/7/3/6/87366548/les_onomatop%C3%A9es_et_les_id%C3%A9ogrammes.pdf
gruik-gruik,,https://collegefrancais8.weebly.com/uploads/8/7/3/6/87366548/les_onomatop%C3%A9es_et_les_id%C3%A9ogrammes.pdf
erf,,https://collegefrancais8.weebly.com/uploads/8/7/3/6/87366548/les_onomatop%C3%A9es_et_les_id%C3%A9ogrammes.pdf
grumph,,https://collegefrancais8.weebly.com/uploads/8/7/3/6/87366548/les_onomatop%C3%A9es_et_les_id%C3%A9ogrammes.pdf
guili guili,,https://collegefrancais8.weebly.com/uploads/8/7/3/6/87366548/les_onomatop%C3%A9es_et_les_id%C3%A9ogrammes.pdf
guilleri,,https://collegefrancais8.weebly.com/uploads/8/7/3/6/87366548/les_onomatop%C3%A9es_et_les_id%C3%A9ogrammes.pdf
gzzzt,,https://collegefrancais8.weebly.com/uploads/8/7/3/6/87366548/les_onomatop%C3%A9es_et_les_id%C3%A9ogrammes.pdf
ha ha,,https://collegefrancais8.weebly.com/uploads/8/7/3/6/87366548/les_onomatop%C3%A9es_et_les_id%C3%A9ogrammes.pdf
ha ha ha,,https://collegefrancais8.weebly.com/uploads/8/7/3/6/87366548/les_onomatop%C3%A9es_et_les_id%C3%A9ogrammes.pdf
hamer,,https://collegefrancais8.weebly.com/uploads/8/7/3/6/87366548/les_onomatop%C3%A9es_et_les_id%C3%A9ogrammes.pdf
hawk tuah,,https://collegefrancais8.weebly.com/uploads/8/7/3/6/87366548/les_onomatop%C3%A9es_et_les_id%C3%A9ogrammes.pdf
hé,,https://collegefrancais8.weebly.com/uploads/8/7/3/6/87366548/les_onomatop%C3%A9es_et_les_id%C3%A9ogrammes.pdf
hep,,https://collegefrancais8.weebly.com/uploads/8/7/3/6/87366548/les_onomatop%C3%A9es_et_les_id%C3%A9ogrammes.pdf
et pan,,https://collegefrancais8.weebly.com/uploads/8/7/3/6/87366548/les_onomatop%C3%A9es_et_les_id%C3%A9ogrammes.pdf
hey,,https://collegefrancais8.weebly.com/uploads/8/7/3/6/87366548/les_onomatop%C3%A9es_et_les_id%C3%A9ogrammes.pdf
eu in,,https://collegefrancais8.weebly.com/uploads/8/7/3/6/87366548/les_onomatop%C3%A9es_et_les_id%C3%A9ogrammes.pdf
hi hi hi,,https://collegefrancais8.weebly.com/uploads/8/7/3/6/87366548/les_onomatop%C3%A9es_et_les_id%C3%A9ogrammes.pdf
hihan,,https://collegefrancais8.weebly.com/uploads/8/7/3/6/87366548/les_onomatop%C3%A9es_et_les_id%C3%A9ogrammes.pdf
hihi,,https://collegefrancais8.weebly.com/uploads/8/7/3/6/87366548/les_onomatop%C3%A9es_et_les_id%C3%A9ogrammes.pdf
hii,,https://collegefrancais8.weebly.com/uploads/8/7/3/6/87366548/les_onomatop%C3%A9es_et_les_id%C3%A9ogrammes.pdf
hiii,,https://collegefrancais8.weebly.com/uploads/8/7/3/6/87366548/les_onomatop%C3%A9es_et_les_id%C3%A9ogrammes.pdf
hiiii,,https://collegefrancais8.weebly.com/uploads/8/7/3/6/87366548/les_onomatop%C3%A9es_et_les_id%C3%A9ogrammes.pdf
hiiii-hiiii,,https://collegefrancais8.weebly.com/uploads/8/7/3/6/87366548/les_onomatop%C3%A9es_et_les_id%C3%A9ogrammes.pdf
hiiiii,,https://collegefrancais8.weebly.com/uploads/8/7/3/6/87366548/les_onomatop%C3%A9es_et_les_id%C3%A9ogrammes.pdf
hiiiiiii,,https://collegefrancais8.weebly.com/uploads/8/7/3/6/87366548/les_onomatop%C3%A9es_et_les_id%C3%A9ogrammes.pdf
hipipihourra,,https://collegefrancais8.weebly.com/uploads/8/7/3/6/87366548/les_onomatop%C3%A9es_et_les_id%C3%A9ogrammes.pdf
hmmm,,https://collegefrancais8.weebly.com/uploads/8/7/3/6/87366548/les_onomatop%C3%A9es_et_les_id%C3%A9ogrammes.pdf
hôler,,https://collegefrancais8.weebly.com/uploads/8/7/3/6/87366548/les_onomatop%C3%A9es_et_les_id%C3%A9ogrammes.pdf
faguenas,,https://collegefrancais8.weebly.com/uploads/8/7/3/6/87366548/les_onomatop%C3%A9es_et_les_id%C3%A9ogrammes.pdf
fanfare,,https://collegefrancais8.weebly.com/uploads/8/7/3/6/87366548/les_onomatop%C3%A9es_et_les_id%C3%A9ogrammes.pdf
fap,,https://collegefrancais8.weebly.com/uploads/8/7/3/6/87366548/les_onomatop%C3%A9es_et_les_id%C3%A9ogrammes.pdf
feuler,,https://collegefrancais8.weebly.com/uploads/8/7/3/6/87366548/les_onomatop%C3%A9es_et_les_id%C3%A9ogrammes.pdf
ffue,,https://collegefrancais8.weebly.com/uploads/8/7/3/6/87366548/les_onomatop%C3%A9es_et_les_id%C3%A9ogrammes.pdf
fiou,,https://collegefrancais8.weebly.com/uploads/8/7/3/6/87366548/les_onomatop%C3%A9es_et_les_id%C3%A9ogrammes.pdf
flap-flap,,https://collegefrancais8.weebly.com/uploads/8/7/3/6/87366548/les_onomatop%C3%A9es_et_les_id%C3%A9ogrammes.pdf
flic-flac,,https://collegefrancais8.weebly.com/uploads/8/7/3/6/87366548/les_onomatop%C3%A9es_et_les_id%C3%A9ogrammes.pdf
flip-flip,,https://collegefrancais8.weebly.com/uploads/8/7/3/6/87366548/les_onomatop%C3%A9es_et_les_id%C3%A9ogrammes.pdf
floup-floup,,https://collegefrancais8.weebly.com/uploads/8/7/3/6/87366548/les_onomatop%C3%A9es_et_les_id%C3%A9ogrammes.pdf
fouaff,,https://collegefrancais8.weebly.com/uploads/8/7/3/6/87366548/les_onomatop%C3%A9es_et_les_id%C3%A9ogrammes.pdf
foutchit,,https://collegefrancais8.weebly.com/uploads/8/7/3/6/87366548/les_onomatop%C3%A9es_et_les_id%C3%A9ogrammes.pdf
frinc,,https://collegefrancais8.weebly.com/uploads/8/7/3/6/87366548/les_onomatop%C3%A9es_et_les_id%C3%A9ogrammes.pdf
frôler,,https://collegefrancais8.weebly.com/uploads/8/7/3/6/87366548/les_onomatop%C3%A9es_et_les_id%C3%A9ogrammes.pdf
fron-fron,,https://collegefrancais8.weebly.com/uploads/8/7/3/6/87366548/les_onomatop%C3%A9es_et_les_id%C3%A9ogrammes.pdf
frouer,,https://collegefrancais8.weebly.com/uploads/8/7/3/6/87366548/les_onomatop%C3%A9es_et_les_id%C3%A9ogrammes.pdf
froutch,,https://collegefrancais8.weebly.com/uploads/8/7/3/6/87366548/les_onomatop%C3%A9es_et_les_id%C3%A9ogrammes.pdf
frsh,,https://collegefrancais8.weebly.com/uploads/8/7/3/6/87366548/les_onomatop%C3%A9es_et_les_id%C3%A9ogrammes.pdf
fschhh,,https://collegefrancais8.weebly.com/uploads/8/7/3/6/87366548/les_onomatop%C3%A9es_et_les_id%C3%A9ogrammes.pdf
fschuiii,,https://collegefrancais8.weebly.com/uploads/8/7/3/6/87366548/les_onomatop%C3%A9es_et_les_id%C3%A9ogrammes.pdf
fshhh,,https://collegefrancais8.weebly.com/uploads/8/7/3/6/87366548/les_onomatop%C3%A9es_et_les_id%C3%A9ogrammes.pdf
fsshh,,https://collegefrancais8.weebly.com/uploads/8/7/3/6/87366548/les_onomatop%C3%A9es_et_les_id%C3%A9ogrammes.pdf
fuitiiiichh,,https://collegefrancais8.weebly.com/uploads/8/7/3/6/87366548/les_onomatop%C3%A9es_et_les_id%C3%A9ogrammes.pdf
fuut,,https://collegefrancais8.weebly.com/uploads/8/7/3/6/87366548/les_onomatop%C3%A9es_et_les_id%C3%A9ogrammes.pdf
gaga,,https://collegefrancais8.weebly.com/uploads/8/7/3/6/87366548/les_onomatop%C3%A9es_et_les_id%C3%A9ogrammes.pdf
gargle,,https://collegefrancais8.weebly.com/uploads/8/7/3/6/87366548/les_onomatop%C3%A9es_et_les_id%C3%A9ogrammes.pdf
gaw,,https://collegefrancais8.weebly.com/uploads/8/7/3/6/87366548/les_onomatop%C3%A9es_et_les_id%C3%A9ogrammes.pdf
gazou,,https://collegefrancais8.weebly.com/uploads/8/7/3/6/87366548/les_onomatop%C3%A9es_et_les_id%C3%A9ogrammes.pdf
gazouiller,,https://collegefrancais8.weebly.com/uploads/8/7/3/6/87366548/les_onomatop%C3%A9es_et_les_id%C3%A9ogrammes.pdf
glagla,,https://collegefrancais8.weebly.com/uploads/8/7/3/6/87366548/les_onomatop%C3%A9es_et_les_id%C3%A9ogrammes.pdf
ouïe,,https://fr.wikipedia.org/wiki/Onomatop%C3%A9e
ouinnn,,https://fr.wikipedia.org/wiki/Onomatop%C3%A9e
oupla,,https://fr.wikipedia.org/wiki/Onomatop%C3%A9e
ouuuh,,https://fr.wikipedia.org/wiki/Onomatop%C3%A9e
pan pan,,https://fr.wikipedia.org/wiki/Onomatop%C3%A9e
pand,,https://fr.wikipedia.org/wiki/Onomatop%C3%A9e
panpan,,https://fr.wikipedia.org/wiki/Onomatop%C3%A9e
panpanpan,,https://fr.wikipedia.org/wiki/Onomatop%C3%A9e
pataclop,,https://fr.wikipedia.org/wiki/Onomatop%C3%A9e
patapouf,,https://fr.wikipedia.org/wiki/Onomatop%C3%A9e
patara,,https://fr.wikipedia.org/wiki/Onomatop%C3%A9e
patata,,https://fr.wikipedia.org/wiki/Onomatop%C3%A9e
patati,,https://fr.wikipedia.org/wiki/Onomatop%C3%A9e
patatro,,https://fr.wikipedia.org/wiki/Onomatop%C3%A9e
patte,,https://fr.wikipedia.org/wiki/Onomatop%C3%A9e
pchhh,,https://fr.wikipedia.org/wiki/Onomatop%C3%A9e
pchhhh,,https://fr.wikipedia.org/wiki/Onomatop%C3%A9e
pchiii,,https://fr.wikipedia.org/wiki/Onomatop%C3%A9e
pchiiii,,https://fr.wikipedia.org/wiki/Onomatop%C3%A9e
peuf-peuf,,https://fr.wikipedia.org/wiki/Onomatop%C3%A9e
pffeu,,https://fr.wikipedia.org/wiki/Onomatop%C3%A9e
pfff,,https://fr.wikipedia.org/wiki/Onomatop%C3%A9e
pfffff,,https://fr.wikipedia.org/wiki/Onomatop%C3%A9e
pfffffft,,https://fr.wikipedia.org/wiki/Onomatop%C3%A9e
pfffft,,https://fr.wikipedia.org/wiki/Onomatop%C3%A9e
pfft,,https://fr.wikipedia.org/wiki/Onomatop%C3%A9e
pfiiiiiit,,https://fr.wikipedia.org/wiki/Onomatop%C3%A9e
pfiou,,https://fr.wikipedia.org/wiki/Onomatop%C3%A9e
pflou,,https://fr.wikipedia.org/wiki/Onomatop%C3%A9e
pflutt,,https://fr.wikipedia.org/wiki/Onomatop%C3%A9e
pfrutt,,https://fr.wikipedia.org/wiki/Onomatop%C3%A9e
pfuitt,,https://fr.wikipedia.org/wiki/Onomatop%C3%A9e
piailler,,https://fr.wikipedia.org/wiki/Onomatop%C3%A9e
piapiater,,https://fr.wikipedia.org/wiki/Onomatop%C3%A9e
pic,,https://fr.wikipedia.org/wiki/Onomatop%C3%A9e
pieuquette,,https://fr.wikipedia.org/wiki/Onomatop%C3%A9e
"pif, paf",,https://fr.wikipedia.org/wiki/Onomatop%C3%A9e
pin pon,,https://fr.wikipedia.org/wiki/Onomatop%C3%A9e
ping-pong,,https://fr.wikipedia.org/wiki/Onomatop%C3%A9e
pin-pon,,https://fr.wikipedia.org/wiki/Onomatop%C3%A9e
pin-pon-pin,,https://fr.wikipedia.org/wiki/Onomatop%C3%A9e
pi-ouitt,,https://fr.wikipedia.org/wiki/Onomatop%C3%A9e
pioupiou,,https://fr.wikipedia.org/wiki/Onomatop%C3%A9e
piou-piou,,https://fr.wikipedia.org/wiki/Onomatop%C3%A9e
pipiri,,https://fr.wikipedia.org/wiki/Onomatop%C3%A9e
pisser,,https://fr.wikipedia.org/wiki/Onomatop%C3%A9e
plérerit,,https://fr.wikipedia.org/wiki/Onomatop%C3%A9e
plic-plic,,https://fr.wikipedia.org/wiki/Onomatop%C3%A9e
plif,,https://fr.wikipedia.org/wiki/Onomatop%C3%A9e
plip,,https://fr.wikipedia.org/wiki/Onomatop%C3%A9e
ploc-ploc,,https://fr.wikipedia.org/wiki/Onomatop%C3%A9e
plonk,,https://fr.wikipedia.org/wiki/Onomatop%C3%A9e
pouah,,https://fr.wikipedia.org/wiki/Onomatop%C3%A9e
pouet,,https://fr.wikipedia.org/wiki/Onomatop%C3%A9e
pouêt,,https://fr.wikipedia.org/wiki/Onomatop%C3%A9e
pouët,,https://fr.wikipedia.org/wiki/Onomatop%C3%A9e
pouet-pouet,,https://fr.wikipedia.org/wiki/Onomatop%C3%A9e
pouët-pouët,,https://fr.wikipedia.org/wiki/Onomatop%C3%A9e
pouin-pouin,,https://fr.wikipedia.org/wiki/Onomatop%C3%A9e
prrrt,,https://fr.wikipedia.org/wiki/Onomatop%C3%A9e
pschiiiit,,https://fr.wikipedia.org/wiki/Onomatop%C3%A9e
pschite,,https://fr.wikipedia.org/wiki/Onomatop%C3%A9e
pschitt,,https://fr.wikipedia.org/wiki/Onomatop%C3%A9e
pschitt-pschitt,,https://fr.wikipedia.org/wiki/Onomatop%C3%A9e
bzzz,,https://fr.wiktionary.org/wiki/Cat%C3%A9gorie:Formes_d%E2%80%99onomatop%C3%A9es_en_fran%C3%A7ais
coin,,https://fr.wiktionary.org/wiki/Cat%C3%A9gorie:Mots_en_fran%C3%A7ais_issus_d%E2%80%99une_onomatop%C3%A9e
coin coin,,https://fr.wiktionary.org/wiki/Cat%C3%A9gorie:Mots_en_fran%C3%A7ais_issus_d%E2%80%99une_onomatop%C3%A9e
coincoin,,https://fr.wiktionary.org/wiki/Cat%C3%A9gorie:Mots_en_fran%C3%A7ais_issus_d%E2%80%99une_onomatop%C3%A9e
calp,,https://fr.wiktionary.org/wiki/Cat%C3%A9gorie:Mots_en_fran%C3%A7ais_issus_d%E2%80%99une_onomatop%C3%A9e
coq,,https://fr.wiktionary.org/wiki/Cat%C3%A9gorie:Mots_en_fran%C3%A7ais_issus_d%E2%80%99une_onomatop%C3%A9e
coquericot,,https://fr.wiktionary.org/wiki/Cat%C3%A9gorie:Mots_en_fran%C3%A7ais_issus_d%E2%80%99une_onomatop%C3%A9e
cot cot codet,,https://fr.wiktionary.org/wiki/Cat%C3%A9gorie:Mots_en_fran%C3%A7ais_issus_d%E2%80%99une_onomatop%C3%A9e
"cot, cot, codek",,https://fr.wiktionary.org/wiki/Cat%C3%A9gorie:Mots_en_fran%C3%A7ais_issus_d%E2%80%99une_onomatop%C3%A9e
cot-cot,,https://fr.wiktionary.org/wiki/Cat%C3%A9gorie:Mots_en_fran%C3%A7ais_issus_d%E2%80%99une_onomatop%C3%A9e
carcailler,,https://fr.wiktionary.org/wiki/Cat%C3%A9gorie:Mots_en_fran%C3%A7ais_issus_d%E2%80%99une_onomatop%C3%A9e
cot-cot-codêêêt,,https://fr.wiktionary.org/wiki/Cat%C3%A9gorie:Mots_en_fran%C3%A7ais_issus_d%E2%80%99une_onomatop%C3%A9e
couach,,https://fr.wiktionary.org/wiki/Cat%C3%A9gorie:Mots_en_fran%C3%A7ais_issus_d%E2%80%99une_onomatop%C3%A9e
coucouer,,https://fr.wiktionary.org/wiki/Cat%C3%A9gorie:Mots_en_fran%C3%A7ais_issus_d%E2%80%99une_onomatop%C3%A9e
coucouler,,https://fr.wiktionary.org/wiki/Cat%C3%A9gorie:Mots_en_fran%C3%A7ais_issus_d%E2%80%99une_onomatop%C3%A9e
coucouter,,https://fr.wiktionary.org/wiki/Cat%C3%A9gorie:Mots_en_fran%C3%A7ais_issus_d%E2%80%99une_onomatop%C3%A9e
couen couen couen,,https://fr.wiktionary.org/wiki/Cat%C3%A9gorie:Mots_en_fran%C3%A7ais_issus_d%E2%80%99une_onomatop%C3%A9e
couiner,,https://fr.wiktionary.org/wiki/Cat%C3%A9gorie:Mots_en_fran%C3%A7ais_issus_d%E2%80%99une_onomatop%C3%A9e
couraquet,,https://fr.wiktionary.org/wiki/Cat%C3%A9gorie:Mots_en_fran%C3%A7ais_issus_d%E2%80%99une_onomatop%C3%A9e
courlis,,https://fr.wiktionary.org/wiki/Cat%C3%A9gorie:Mots_en_fran%C3%A7ais_issus_d%E2%80%99une_onomatop%C3%A9e
craaac,,https://fr.wiktionary.org/wiki/Cat%C3%A9gorie:Mots_en_fran%C3%A7ais_issus_d%E2%80%99une_onomatop%C3%A9e
craaak,,https://fr.wiktionary.org/wiki/Cat%C3%A9gorie:Mots_en_fran%C3%A7ais_issus_d%E2%80%99une_onomatop%C3%A9e
cataclop,,https://fr.wiktionary.org/wiki/Cat%C3%A9gorie:Mots_en_fran%C3%A7ais_issus_d%E2%80%99une_onomatop%C3%A9e
cracher,,https://fr.wiktionary.org/wiki/Cat%C3%A9gorie:Mots_en_fran%C3%A7ais_issus_d%E2%80%99une_onomatop%C3%A9e
cracq,,https://fr.wiktionary.org/wiki/Cat%C3%A9gorie:Mots_en_fran%C3%A7ais_issus_d%E2%80%99une_onomatop%C3%A9e
craquer,,https://fr.wiktionary.org/wiki/Cat%C3%A9gorie:Mots_en_fran%C3%A7ais_issus_d%E2%80%99une_onomatop%C3%A9e
crash,,https://fr.wiktionary.org/wiki/Cat%C3%A9gorie:Mots_en_fran%C3%A7ais_issus_d%E2%80%99une_onomatop%C3%A9e
crécelle,,https://fr.wiktionary.org/wiki/Cat%C3%A9gorie:Mots_en_fran%C3%A7ais_issus_d%E2%80%99une_onomatop%C3%A9e
crételer,,https://fr.wiktionary.org/wiki/Cat%C3%A9gorie:Mots_en_fran%C3%A7ais_issus_d%E2%80%99une_onomatop%C3%A9e
cataclop cataclop cataclop,,https://fr.wiktionary.org/wiki/Cat%C3%A9gorie:Mots_en_fran%C3%A7ais_issus_d%E2%80%99une_onomatop%C3%A9e
cri cri,,https://fr.wiktionary.org/wiki/Cat%C3%A9gorie:Mots_en_fran%C3%A7ais_issus_d%E2%80%99une_onomatop%C3%A9e
cric-crac,,https://fr.wiktionary.org/wiki/Cat%C3%A9gorie:Mots_en_fran%C3%A7ais_issus_d%E2%80%99une_onomatop%C3%A9e
cri-cri,,https://fr.wiktionary.org/wiki/Cat%C3%A9gorie:Mots_en_fran%C3%A7ais_issus_d%E2%80%99une_onomatop%C3%A9e
crii,,https://fr.wiktionary.org/wiki/Cat%C3%A9gorie:Mots_en_fran%C3%A7ais_issus_d%E2%80%99une_onomatop%C3%A9e
cataclope,,https://fr.wiktionary.org/wiki/Cat%C3%A9gorie:Mots_en_fran%C3%A7ais_issus_d%E2%80%99une_onomatop%C3%A9e
criiii,,https://fr.wiktionary.org/wiki/Cat%C3%A9gorie:Mots_en_fran%C3%A7ais_issus_d%E2%80%99une_onomatop%C3%A9e
criquet,,https://fr.wiktionary.org/wiki/Cat%C3%A9gorie:Mots_en_fran%C3%A7ais_issus_d%E2%80%99une_onomatop%C3%A9e
cccrrriii,,https://fr.wiktionary.org/wiki/Cat%C3%A9gorie:Mots_en_fran%C3%A7ais_issus_d%E2%80%99une_onomatop%C3%A9e
croâ,,https://fr.wiktionary.org/wiki/Cat%C3%A9gorie:Mots_en_fran%C3%A7ais_issus_d%E2%80%99une_onomatop%C3%A9e
croa croa,,https://fr.wiktionary.org/wiki/Cat%C3%A9gorie:Mots_en_fran%C3%A7ais_issus_d%E2%80%99une_onomatop%C3%A9e
croah,,https://fr.wiktionary.org/wiki/Cat%C3%A9gorie:Mots_en_fran%C3%A7ais_issus_d%E2%80%99une_onomatop%C3%A9e
croasser,,https://fr.wiktionary.org/wiki/Cat%C3%A9gorie:Mots_en_fran%C3%A7ais_issus_d%E2%80%99une_onomatop%C3%A9e
croc,,https://fr.wiktionary.org/wiki/Cat%C3%A9gorie:Mots_en_fran%C3%A7ais_issus_d%E2%80%99une_onomatop%C3%A9e
chatouiller,,https://fr.wiktionary.org/wiki/Cat%C3%A9gorie:Mots_en_fran%C3%A7ais_issus_d%E2%80%99une_onomatop%C3%A9e
croquer,,https://fr.wiktionary.org/wiki/Cat%C3%A9gorie:Mots_en_fran%C3%A7ais_issus_d%E2%80%99une_onomatop%C3%A9e
crouler,,https://fr.wiktionary.org/wiki/Cat%C3%A9gorie:Mots_en_fran%C3%A7ais_issus_d%E2%80%99une_onomatop%C3%A9e
croûter,,https://fr.wiktionary.org/wiki/Cat%C3%A9gorie:Mots_en_fran%C3%A7ais_issus_d%E2%80%99une_onomatop%C3%A9e
cui cui,,https://fr.wiktionary.org/wiki/Cat%C3%A9gorie:Mots_en_fran%C3%A7ais_issus_d%E2%80%99une_onomatop%C3%A9e
chicaner,,https://fr.wiktionary.org/wiki/Cat%C3%A9gorie:Mots_en_fran%C3%A7ais_issus_d%E2%80%99une_onomatop%C3%A9e
chiching,,https://fr.wiktionary.org/wiki/Cat%C3%A9gorie:Mots_en_fran%C3%A7ais_issus_d%E2%80%99une_onomatop%C3%A9e
chicot,,https://fr.wiktionary.org/wiki/Cat%C3%A9gorie:Mots_en_fran%C3%A7ais_issus_d%E2%80%99une_onomatop%C3%A9e
chiquer,,https://fr.wiktionary.org/wiki/Cat%C3%A9gorie:Mots_en_fran%C3%A7ais_issus_d%E2%80%99une_onomatop%C3%A9e
chiquet,,https://fr.wiktionary.org/wiki/Cat%C3%A9gorie:Mots_en_fran%C3%A7ais_issus_d%E2%80%99une_onomatop%C3%A9e
chlac,,https://fr.wiktionary.org/wiki/Cat%C3%A9gorie:Mots_en_fran%C3%A7ais_issus_d%E2%80%99une_onomatop%C3%A9e
chopper,,https://fr.wiktionary.org/wiki/Cat%C3%A9gorie:Mots_en_fran%C3%A7ais_issus_d%E2%80%99une_onomatop%C3%A9e
choucas,,https://fr.wiktionary.org/wiki/Cat%C3%A9gorie:Mots_en_fran%C3%A7ais_issus_d%E2%80%99une_onomatop%C3%A9e
chtonc,,https://fr.wiktionary.org/wiki/Cat%C3%A9gorie:Mots_en_fran%C3%A7ais_issus_d%E2%80%99une_onomatop%C3%A9e
chuinter,,https://fr.wiktionary.org/wiki/Cat%C3%A9gorie:Mots_en_fran%C3%A7ais_issus_d%E2%80%99une_onomatop%C3%A9e
chut,,https://fr.wiktionary.org/wiki/Cat%C3%A9gorie:Mots_en_fran%C3%A7ais_issus_d%E2%80%99une_onomatop%C3%A9e
chut-chut,,https://fr.wiktionary.org/wiki/Cat%C3%A9gorie:Mots_en_fran%C3%A7ais_issus_d%E2%80%99une_onomatop%C3%A9e
claaac,,https://fr.wiktionary.org/wiki/Cat%C3%A9gorie:Mots_en_fran%C3%A7ais_issus_d%E2%80%99une_onomatop%C3%A9e
clabot,,https://fr.wiktionary.org/wiki/Cat%C3%A9gorie:Mots_en_fran%C3%A7ais_issus_d%E2%80%99une_onomatop%C3%A9e
clak,,https://fr.wiktionary.org/wiki/Cat%C3%A9gorie:Mots_en_fran%C3%A7ais_issus_d%E2%80%99une_onomatop%C3%A9e
clap clap,,https://fr.wiktionary.org/wiki/Cat%C3%A9gorie:Mots_en_fran%C3%A7ais_issus_d%E2%80%99une_onomatop%C3%A9e
clap clap clap,,https://fr.wiktionary.org/wiki/Cat%C3%A9gorie:Mots_en_fran%C3%A7ais_issus_d%E2%80%99une_onomatop%C3%A9e
claquer,,https://fr.wiktionary.org/wiki/Cat%C3%A9gorie:Mots_en_fran%C3%A7ais_issus_d%E2%80%99une_onomatop%C3%A9e
clic-clic,,https://fr.wiktionary.org/wiki/Cat%C3%A9gorie:Mots_en_fran%C3%A7ais_issus_d%E2%80%99une_onomatop%C3%A9e
cling-cling,,https://fr.wiktionary.org/wiki/Cat%C3%A9gorie:Mots_en_fran%C3%A7ais_issus_d%E2%80%99une_onomatop%C3%A9e
cliquer,,https://fr.wiktionary.org/wiki/Cat%C3%A9gorie:Mots_en_fran%C3%A7ais_issus_d%E2%80%99une_onomatop%C3%A9e
coâ,,https://fr.wiktionary.org/wiki/Cat%C3%A9gorie:Mots_en_fran%C3%A7ais_issus_d%E2%80%99une_onomatop%C3%A9e
coa coa,,https://fr.wiktionary.org/wiki/Cat%C3%A9gorie:Mots_en_fran%C3%A7ais_issus_d%E2%80%99une_onomatop%C3%A9e
coââ-coââ,,https://fr.wiktionary.org/wiki/Cat%C3%A9gorie:Mots_en_fran%C3%A7ais_issus_d%E2%80%99une_onomatop%C3%A9e
coasser,,https://fr.wiktionary.org/wiki/Cat%C3%A9gorie:Mots_en_fran%C3%A7ais_issus_d%E2%80%99une_onomatop%C3%A9e
cocailler,,https://fr.wiktionary.org/wiki/Cat%C3%A9gorie:Mots_en_fran%C3%A7ais_issus_d%E2%80%99une_onomatop%C3%A9e
cochon,,https://fr.wiktionary.org/wiki/Cat%C3%A9gorie:Mots_en_fran%C3%A7ais_issus_d%E2%80%99une_onomatop%C3%A9e
coclorer,,https://fr.wiktionary.org/wiki/Cat%C3%A9gorie:Mots_en_fran%C3%A7ais_issus_d%E2%80%99une_onomatop%C3%A9e
cacarder,,https://fr.wiktionary.org/wiki/Cat%C3%A9gorie:Mots_en_fran%C3%A7ais_issus_d%E2%80%99une_onomatop%C3%A9e
brrr,,https://fr.wiktionary.org/wiki/Cat%C3%A9gorie:Mots_en_fran%C3%A7ais_issus_d%E2%80%99une_onomatop%C3%A9e
brrrou,,https://fr.wiktionary.org/wiki/Cat%C3%A9gorie:Mots_en_fran%C3%A7ais_issus_d%E2%80%99une_onomatop%C3%A9e
brrrr,,https://fr.wiktionary.org/wiki/Cat%C3%A9gorie:Mots_en_fran%C3%A7ais_issus_d%E2%80%99une_onomatop%C3%A9e
bruiiiuizuizuizouiii,,https://fr.wiktionary.org/wiki/Cat%C3%A9gorie:Mots_en_fran%C3%A7ais_issus_d%E2%80%99une_onomatop%C3%A9e
brush,,https://fr.wiktionary.org/wiki/Cat%C3%A9gorie:Mots_en_fran%C3%A7ais_issus_d%E2%80%99une_onomatop%C3%A9e
bruum,,https://fr.wiktionary.org/wiki/Cat%C3%A9gorie:Mots_en_fran%C3%A7ais_issus_d%E2%80%99une_onomatop%C3%A9e
bunk,,https://fr.wiktionary.org/wiki/Cat%C3%A9gorie:Mots_en_fran%C3%A7ais_issus_d%E2%80%99une_onomatop%C3%A9e
bwouf,,https://fr.wiktionary.org/wiki/Cat%C3%A9gorie:Mots_en_fran%C3%A7ais_issus_d%E2%80%99une_onomatop%C3%A9e
bzbz,,https://fr.wiktionary.org/wiki/Cat%C3%A9gorie:Mots_en_fran%C3%A7ais_issus_d%E2%80%99une_onomatop%C3%A9e
bzoing,,https://fr.wiktionary.org/wiki/Cat%C3%A9gorie:Mots_en_fran%C3%A7ais_issus_d%E2%80%99une_onomatop%C3%A9e
bzttt,,https://fr.wiktionary.org/wiki/Cat%C3%A9gorie:Mots_en_fran%C3%A7ais_issus_d%E2%80%99une_onomatop%C3%A9e
brouhaha,,https://fr.wiktionary.org/wiki/Cat%C3%A9gorie:Onomatop%C3%A9es_de_cris_d%E2%80%99animaux_en_fran%C3%A7ais
bée,,https://fr.wiktionary.org/wiki/Cat%C3%A9gorie:Onomatop%C3%A9es_en_fran%C3%A7ais
bêê,,https://fr.wiktionary.org/wiki/Cat%C3%A9gorie:Onomatop%C3%A9es_en_fran%C3%A7ais
bégueter,,https://fr.wiktionary.org/wiki/Cat%C3%A9gorie:Onomatop%C3%A9es_en_fran%C3%A7ais
aaaaah,,https://fr.wiktionary.org/wiki/Cat%C3%A9gorie:Onomatop%C3%A9es_en_fran%C3%A7ais
beubeu,,https://fr.wiktionary.org/wiki/Cat%C3%A9gorie:Onomatop%C3%A9es_en_fran%C3%A7ais
aaaaarrh,,https://fr.wiktionary.org/wiki/Cat%C3%A9gorie:Onomatop%C3%A9es_en_fran%C3%A7ais
bjoinnng,,https://fr.wiktionary.org/wiki/Cat%C3%A9gorie:Onomatop%C3%A9es_en_fran%C3%A7ais
bla bla bla,,https://fr.wiktionary.org/wiki/Cat%C3%A9gorie:Onomatop%C3%A9es_en_fran%C3%A7ais
blabla,,https://fr.wiktionary.org/wiki/Cat%C3%A9gorie:Onomatop%C3%A9es_en_fran%C3%A7ais
aah,,https://fr.wiktionary.org/wiki/Cat%C3%A9gorie:Onomatop%C3%A9es_en_fran%C3%A7ais
blablabla,,https://fr.wiktionary.org/wiki/Cat%C3%A9gorie:Onomatop%C3%A9es_en_fran%C3%A7ais
blèctre,,https://fr.wiktionary.org/wiki/Cat%C3%A9gorie:Onomatop%C3%A9es_en_fran%C3%A7ais
blong,,https://fr.wiktionary.org/wiki/Cat%C3%A9gorie:Onomatop%C3%A9es_en_fran%C3%A7ais
agreu,,https://fr.wiktionary.org/wiki/Cat%C3%A9gorie:Onomatop%C3%A9es_en_fran%C3%A7ais
bof,,https://fr.wiktionary.org/wiki/Cat%C3%A9gorie:Onomatop%C3%A9es_en_fran%C3%A7ais
boing,,https://fr.wiktionary.org/wiki/Cat%C3%A9gorie:Onomatop%C3%A9es_en_fran%C3%A7ais
bom-bom,,https://fr.wiktionary.org/wiki/Cat%C3%A9gorie:Onomatop%C3%A9es_en_fran%C3%A7ais
bong bong,,https://fr.wiktionary.org/wiki/Cat%C3%A9gorie:Onomatop%C3%A9es_en_fran%C3%A7ais
boom,,https://fr.wiktionary.org/wiki/Cat%C3%A9gorie:Onomatop%C3%A9es_en_fran%C3%A7ais
bou hou hou,,https://fr.wiktionary.org/wiki/Cat%C3%A9gorie:Onomatop%C3%A9es_en_fran%C3%A7ais
bou hou hous,,https://fr.wiktionary.org/wiki/Cat%C3%A9gorie:Onomatop%C3%A9es_en_fran%C3%A7ais
boudin,,https://fr.wiktionary.org/wiki/Cat%C3%A9gorie:Onomatop%C3%A9es_en_fran%C3%A7ais
boum boum,,https://fr.wiktionary.org/wiki/Cat%C3%A9gorie:Onomatop%C3%A9es_en_fran%C3%A7ais
boum-boum,,https://fr.wiktionary.org/wiki/Cat%C3%A9gorie:Onomatop%C3%A9es_en_fran%C3%A7ais
ahouahou,,https://fr.wiktionary.org/wiki/Cat%C3%A9gorie:Onomatop%C3%A9es_en_fran%C3%A7ais
bribri,,https://fr.wiktionary.org/wiki/Cat%C3%A9gorie:Onomatop%C3%A9es_en_fran%C3%A7ais
broom,,https://fr.wiktionary.org/wiki/Cat%C3%A9gorie:Onomatop%C3%A9es_en_fran%C3%A7ais
brou-brou,,https://fr.wiktionary.org/wiki/Cat%C3%A9gorie:Onomatop%C3%A9es_en_fran%C3%A7ais
brouha,,https://fr.wiktionary.org/wiki/Cat%C3%A9gorie:Onomatop%C3%A9es_en_fran%C3%A7ais
aïe,,https://fr.wiktionary.org/wiki/Cat%C3%A9gorie:Onomatop%C3%A9es_en_fran%C3%A7ais
aoutch,,https://fr.wiktionary.org/wiki/Cat%C3%A9gorie:Onomatop%C3%A9es_en_fran%C3%A7ais
areu,,https://fr.wiktionary.org/wiki/Cat%C3%A9gorie:Onomatop%C3%A9es_en_fran%C3%A7ais
areu areu,,https://fr.wiktionary.org/wiki/Cat%C3%A9gorie:Onomatop%C3%A9es_en_fran%C3%A7ais
arf,,https://fr.wiktionary.org/wiki/Cat%C3%A9gorie:Onomatop%C3%A9es_en_fran%C3%A7ais
argh argh,,https://fr.wiktionary.org/wiki/Cat%C3%A9gorie:Onomatop%C3%A9es_en_fran%C3%A7ais
arghl,,https://fr.wiktionary.org/wiki/Cat%C3%A9gorie:Onomatop%C3%A9es_en_fran%C3%A7ais
argll,,https://fr.wiktionary.org/wiki/Cat%C3%A9gorie:Onomatop%C3%A9es_en_fran%C3%A7ais
argn,,https://fr.wiktionary.org/wiki/Cat%C3%A9gorie:Onomatop%C3%A9es_en_fran%C3%A7ais
ark,,https://fr.wiktionary.org/wiki/Cat%C3%A9gorie:Onomatop%C3%A9es_en_fran%C3%A7ais
avanamahé,,https://fr.wiktionary.org/wiki/Cat%C3%A9gorie:Onomatop%C3%A9es_en_fran%C3%A7ais
baba,,https://fr.wiktionary.org/wiki/Cat%C3%A9gorie:Onomatop%C3%A9es_en_fran%C3%A7ais
bababam,,https://fr.wiktionary.org/wiki/Cat%C3%A9gorie:Onomatop%C3%A9es_en_fran%C3%A7ais
babiller,,https://fr.wiktionary.org/wiki/Cat%C3%A9gorie:Onomatop%C3%A9es_en_fran%C3%A7ais
babine,,https://fr.wiktionary.org/wiki/Cat%C3%A9gorie:Onomatop%C3%A9es_en_fran%C3%A7ais
baboum baboum,,https://fr.wiktionary.org/wiki/Cat%C3%A9gorie:Onomatop%C3%A9es_en_fran%C3%A7ais
baf,,https://fr.wiktionary.org/wiki/Cat%C3%A9gorie:Onomatop%C3%A9es_en_fran%C3%A7ais
baff,,https://fr.wiktionary.org/wiki/Cat%C3%A9gorie:Onomatop%C3%A9es_en_fran%C3%A7ais
baffe,,https://fr.wiktionary.org/wiki/Cat%C3%A9gorie:Onomatop%C3%A9es_en_fran%C3%A7ais
bâfrer,,https://fr.wiktionary.org/wiki/Cat%C3%A9gorie:Onomatop%C3%A9es_en_fran%C3%A7ais
balalin-balalan,,https://fr.wiktionary.org/wiki/Cat%C3%A9gorie:Onomatop%C3%A9es_en_fran%C3%A7ais
bam bam,,https://fr.wiktionary.org/wiki/Cat%C3%A9gorie:Onomatop%C3%A9es_en_fran%C3%A7ais
a gla gla,,https://fr.wiktionary.org/wiki/Cat%C3%A9gorie:Onomatop%C3%A9es_en_fran%C3%A7ais
aaaaaah,,https://fr.wiktionary.org/wiki/Cat%C3%A9gorie:Onomatop%C3%A9es_en_fran%C3%A7ais
baret,,https://fr.wiktionary.org/wiki/Cat%C3%A9gorie:Onomatop%C3%A9es_en_fran%C3%A7ais
baunnn,,https://fr.wiktionary.org/wiki/Cat%C3%A9gorie:Onomatop%C3%A9es_en_fran%C3%A7ais
cui-cui,,https://lasonotheque.org/dossiers/dossier-liste-onomatopees.html
cz,,https://lasonotheque.org/dossiers/dossier-liste-onomatopees.html
de bric et de broc,,https://lasonotheque.org/dossiers/dossier-liste-onomatopees.html
dia,,https://lasonotheque.org/dossiers/dossier-liste-onomatopees.html
diiing,,https://lasonotheque.org/dossiers/dossier-liste-onomatopees.html
din-din,,https://lasonotheque.org/dossiers/dossier-liste-onomatopees.html
ding deng dong,,https://lasonotheque.org/dossiers/dossier-liste-onomatopees.html
ding dong,,https://lasonotheque.org/dossiers/dossier-liste-onomatopees.html
dinguer,,https://lasonotheque.org/dossiers/dossier-liste-onomatopees.html
dodo,,https://lasonotheque.org/dossiers/dossier-liste-onomatopees.html
doiiing,,https://lasonotheque.org/dossiers/dossier-liste-onomatopees.html
dondaine,,https://lasonotheque.org/dossiers/dossier-liste-onomatopees.html
doug doug doug,,https://lasonotheque.org/dossiers/dossier-liste-onomatopees.html
drelin,,https://lasonotheque.org/dossiers/dossier-liste-onomatopees.html
drelin drelin,,https://lasonotheque.org/dossiers/dossier-liste-onomatopees.html
driiiing,,https://lasonotheque.org/dossiers/dossier-liste-onomatopees.html
dring dring,,https://lasonotheque.org/dossiers/dossier-liste-onomatopees.html
dring-dring,,https://lasonotheque.org/dossiers/dossier-liste-onomatopees.html
drrr,,https://lasonotheque.org/dossiers/dossier-liste-onomatopees.html
dziii,,https://lasonotheque.org/dossiers/dossier-liste-onomatopees.html
hoquet,,https://www.aproposdecriture.com/wp-content/uploads/2018/09/Liste-non-exhaustive-d.pdf
Larirette,,https://www.aproposdecriture.com/wp-content/uploads/2018/09/Liste-non-exhaustive-d.pdf
lolo,,https://www.aproposdecriture.com/wp-content/uploads/2018/09/Liste-non-exhaustive-d.pdf
maouw,,https://www.aproposdecriture.com/wp-content/uploads/2018/09/Liste-non-exhaustive-d.pdf
mélimélo,,https://www.aproposdecriture.com/wp-content/uploads/2018/09/Liste-non-exhaustive-d.pdf
mhh,,https://www.aproposdecriture.com/wp-content/uploads/2018/09/Liste-non-exhaustive-d.pdf
miam,,https://www.aproposdecriture.com/wp-content/uploads/2018/09/Liste-non-exhaustive-d.pdf
miam miam,,https://www.aproposdecriture.com/wp-content/uploads/2018/09/Liste-non-exhaustive-d.pdf
môme,,https://www.aproposdecriture.com/wp-content/uploads/2018/09/Liste-non-exhaustive-d.pdf
moo,,https://www.aproposdecriture.com/wp-content/uploads/2018/09/Liste-non-exhaustive-d.pdf
muu,,https://www.aproposdecriture.com/wp-content/uploads/2018/09/Liste-non-exhaustive-d.pdf
mwahaha,,https://www.aproposdecriture.com/wp-content/uploads/2018/09/Liste-non-exhaustive-d.pdf
na,,https://www.aproposdecriture.com/wp-content/uploads/2018/09/Liste-non-exhaustive-d.pdf
na na na,,https://www.aproposdecriture.com/wp-content/uploads/2018/09/Liste-non-exhaustive-d.pdf
na na ni,,https://www.aproposdecriture.com/wp-content/uploads/2018/09/Liste-non-exhaustive-d.pdf
néné,,https://www.aproposdecriture.com/wp-content/uploads/2018/09/Liste-non-exhaustive-d.pdf
nya,,https://www.aproposdecriture.com/wp-content/uploads/2018/09/Liste-non-exhaustive-d.pdf
oh,,https://www.aproposdecriture.com/wp-content/uploads/2018/09/Liste-non-exhaustive-d.pdf
oh oh oh,,https://www.aproposdecriture.com/wp-content/uploads/2018/09/Liste-non-exhaustive-d.pdf
ohhh,,https://www.aproposdecriture.com/wp-content/uploads/2018/09/Liste-non-exhaustive-d.pdf
oohee,,https://www.aproposdecriture.com/wp-content/uploads/2018/09/Liste-non-exhaustive-d.pdf
ouaaa,,https://www.aproposdecriture.com/wp-content/uploads/2018/09/Liste-non-exhaustive-d.pdf
ouaf-ouaf,,https://www.aproposdecriture.com/wp-content/uploads/2018/09/Liste-non-exhaustive-d.pdf
ouah-ouah,,https://www.aproposdecriture.com/wp-content/uploads/2018/09/Liste-non-exhaustive-d.pdf
ouan,,https://www.aproposdecriture.com/wp-content/uploads/2018/09/Liste-non-exhaustive-d.pdf
oua-oua,,https://www.aproposdecriture.com/wp-content/uploads/2018/09/Liste-non-exhaustive-d.pdf
ouch,,https://www.aproposdecriture.com/wp-content/uploads/2018/09/Liste-non-exhaustive-d.pdf
houba,,https://www.aproposdecriture.com/wp-content/uploads/2018/09/Liste-non-exhaustive-d.pdf
hou-hou,,https://www.aproposdecriture.com/wp-content/uploads/2018/09/Liste-non-exhaustive-d.pdf
houhouu,,https://www.aproposdecriture.com/wp-content/uploads/2018/09/Liste-non-exhaustive-d.pdf
houla,,https://www.aproposdecriture.com/wp-content/uploads/2018/09/Liste-non-exhaustive-d.pdf
houra,,https://www.aproposdecriture.com/wp-content/uploads/2018/09/Liste-non-exhaustive-d.pdf
hourra,,https://www.aproposdecriture.com/wp-content/uploads/2018/09/Liste-non-exhaustive-d.pdf
hucher,,https://www.aproposdecriture.com/wp-content/uploads/2018/09/Liste-non-exhaustive-d.pdf
hue,,https://www.aproposdecriture.com/wp-content/uploads/2018/09/Liste-non-exhaustive-d.pdf
huer,,https://www.aproposdecriture.com/wp-content/uploads/2018/09/Liste-non-exhaustive-d.pdf
huitisch,,https://www.aproposdecriture.com/wp-content/uploads/2018/09/Liste-non-exhaustive-d.pdf
huitsch,,https://www.aproposdecriture.com/wp-content/uploads/2018/09/Liste-non-exhaustive-d.pdf
humer,,https://www.aproposdecriture.com/wp-content/uploads/2018/09/Liste-non-exhaustive-d.pdf
hum-hum,,https://www.aproposdecriture.com/wp-content/uploads/2018/09/Liste-non-exhaustive-d.pdf
hummm,,https://www.aproposdecriture.com/wp-content/uploads/2018/09/Liste-non-exhaustive-d.pdf
iiiaaarrr,,https://www.aproposdecriture.com/wp-content/uploads/2018/09/Liste-non-exhaustive-d.pdf
iiiiii,,https://www.aproposdecriture.com/wp-content/uploads/2018/09/Liste-non-exhaustive-d.pdf
kaboom,,https://www.aproposdecriture.com/wp-content/uploads/2018/09/Liste-non-exhaustive-d.pdf
kaï,,https://www.aproposdecriture.com/wp-content/uploads/2018/09/Liste-non-exhaustive-d.pdf
keuf,,https://www.aproposdecriture.com/wp-content/uploads/2018/09/Liste-non-exhaustive-d.pdf
kheu kheu,,https://www.aproposdecriture.com/wp-content/uploads/2018/09/Liste-non-exhaustive-d.pdf
kikiriki,,https://www.aproposdecriture.com/wp-content/uploads/2018/09/Liste-non-exhaustive-d.pdf
kiwi,,https://www.aproposdecriture.com/wp-content/uploads/2018/09/Liste-non-exhaustive-d.pdf
klap-klap,,https://www.aproposdecriture.com/wp-content/uploads/2018/09/Liste-non-exhaustive-d.pdf
klett,,https://www.aproposdecriture.com/wp-content/uploads/2018/09/Liste-non-exhaustive-d.pdf
klon,,https://www.aproposdecriture.com/wp-content/uploads/2018/09/Liste-non-exhaustive-d.pdf
klung,,https://www.aproposdecriture.com/wp-content/uploads/2018/09/Liste-non-exhaustive-d.pdf
kof,,https://www.aproposdecriture.com/wp-content/uploads/2018/09/Liste-non-exhaustive-d.pdf
kof kof,,https://www.aproposdecriture.com/wp-content/uploads/2018/09/Liste-non-exhaustive-d.pdf
kokoriko,,https://www.aproposdecriture.com/wp-content/uploads/2018/09/Liste-non-exhaustive-d.pdf
kourrouh,,https://www.aproposdecriture.com/wp-content/uploads/2018/09/Liste-non-exhaustive-d.pdf
krash,,https://www.aproposdecriture.com/wp-content/uploads/2018/09/Liste-non-exhaustive-d.pdf
krikk,,https://www.aproposdecriture.com/wp-content/uploads/2018/09/Liste-non-exhaustive-d.pdf
krrr,,https://www.aproposdecriture.com/wp-content/uploads/2018/09/Liste-non-exhaustive-d.pdf
kss,,https://www.aproposdecriture.com/wp-content/uploads/2018/09/Liste-non-exhaustive-d.pdf
"kss, kss, ksss",,https://www.aproposdecriture.com/wp-content/uploads/2018/09/Liste-non-exhaustive-d.pdf
la la la,,https://www.aproposdecriture.com/wp-content/uploads/2018/09/Liste-non-exhaustive-d.pdf
la la la la,,https://www.aproposdecriture.com/wp-content/uploads/2018/09/Liste-non-exhaustive-d.pdf
la la lère,,https://www.aproposdecriture.com/wp-content/uploads/2018/09/Liste-non-exhaustive-d.pdf
"la, la, la",,https://www.aproposdecriture.com/wp-content/uploads/2018/09/Liste-non-exhaustive-d.pdf
lalala,,https://www.aproposdecriture.com/wp-content/uploads/2018/09/Liste-non-exhaustive-d.pdf
la-la-la,,https://www.aproposdecriture.com/wp-content/uploads/2018/09/Liste-non-exhaustive-d.pdf
lalalaire,,https://www.aproposdecriture.com/wp-content/uploads/2018/09/Liste-non-exhaustive-d.pdf
lalalère,,https://www.aproposdecriture.com/wp-content/uploads/2018/09/Liste-non-exhaustive-d.pdf
landeri,,https://www.aproposdecriture.com/wp-content/uploads/2018/09/Liste-non-exhaustive-d.pdf
lap,,https://www.aproposdecriture.com/wp-content/uploads/2018/09/Liste-non-exhaustive-d.pdf
laper,,https://www.aproposdecriture.com/wp-content/uploads/2018/09/Liste-non-exhaustive-d.pdf
lap-lap,,https://www.aproposdecriture.com/wp-content/uploads/2018/09/Liste-non-exhaustive-d.pdf
